name,category
pG-Host9,光宿主载体
pBT-2,光宿主载体
pCS2+8,光宿主载体
pMHE3Tc,光宿主载体
pMHE7,光宿主载体
pMHE2,光宿主载体
pBMTB-4,光宿主载体
pBTL-5,光宿主载体
pBTL-1,光宿主载体
pBTB-2,光宿主载体
pBMT-4,光宿主载体
pBT-4,光宿主载体
pCS2+,光宿主载体
pCS107,光宿主载体
pBBR1MCS-3,光宿主载体
pME6032,光宿主载体
pBT-1,光宿主载体
pCS2+8CeGFP,光宿主载体
pSPORT2,光宿主载体
pMHE6,光宿主载体
pBBR1MCS-6,光宿主载体
pBMTB-3,光宿主载体
pBTL-4,光宿主载体
pBTB-5,光宿主载体
pBTB-1,光宿主载体
pBMT-3,光宿主载体
pBT-3,光宿主载体
pCS2-,光宿主载体
pBBR1MCS,光宿主载体
pBBR1MCS-2,光宿主载体
pJB866,光宿主载体
pBBR1MCS2-Tac-mCherry,光宿主载体
pCS2+8CmCherry,光宿主载体
pMHE5Tc,光宿主载体
pMHE5,光宿主载体
pBBR1-GFP,光宿主载体
pBMTB-2,光宿主载体
pBTL-3,光宿主载体
pBTB-4,光宿主载体
pBT-5,光宿主载体
pBMT-2,光宿主载体
pCS2+MT,光宿主载体
pCS111,光宿主载体
pBBR1MCS-5,光宿主载体
pRK415,光宿主载体
pMMB207,光宿主载体
pCSDest,光宿主载体
pMHE7Tc,光宿主载体
pMHE3,光宿主载体
pBMTB-5,光宿主载体
pBMTB-1,光宿主载体
pBTL-2,光宿主载体
pBTB-3,光宿主载体
pBMT-5,光宿主载体
pBMT-1,光宿主载体
pCS22+,光宿主载体
pCS108,光宿主载体
pBBR1MCS-4,光宿主载体
pEGFP,大肠杆菌载体
pMK4,大肠杆菌载体
pKD3,大肠杆菌载体
pProEX HTa,大肠杆菌载体
pUC57-Kan,大肠杆菌载体
pEGM-11ZF(+),大肠杆菌载体
psiRNA-hH1neo G2,大肠杆菌载体
pET28a-TagRFP-N,大肠杆菌载体
pET28a- TEV,大肠杆菌载体
pBAD-HisA,大肠杆菌载体
pSNAP-Tag(T7)2,大肠杆菌载体
pUC57-Tac-mCherry,大肠杆菌载体
pCold-MBP,大肠杆菌载体
pET28b-TEV-6×His,大肠杆菌载体
pGEX-20T,大肠杆菌载体
pK19mobsacB,大肠杆菌载体
pBAD/His/LacZ,大肠杆菌载体
pETBlue-1,大肠杆菌载体
pYADE4,大肠杆菌载体
pET28a-RhoA,大肠杆菌载体
pBV222,大肠杆菌载体
pED-DsbA-pp-air,大肠杆菌载体
pET-DsbA,大肠杆菌载体
pMBP-P,大肠杆菌载体
pET-35b(+),大肠杆菌载体
pET-41b(+),大肠杆菌载体
LYD11,大肠杆菌载体
pHS24,大肠杆菌载体
pCP2-4-10,大肠杆菌载体
pCR2.1-TOPO vector+82-2-1,大肠杆菌载体
Escherichia coli pMG-CAhydA,大肠杆菌载体
pNDH10,大肠杆菌载体
pCRN-2,大肠杆菌载体
pCR8-33,大肠杆菌载体
pCR4-35,大肠杆菌载体
pCRSj-21,大肠杆菌载体
pRSET A/M,大肠杆菌载体
pCRII-TOPO/23-11,大肠杆菌载体
yT&A/18109-6,大肠杆菌载体
SARS Frag. 14 pCRII-TOPO,大肠杆菌载体
SARS Frag. 10 pCRII-TOPO,大肠杆菌载体
pCRII-TOPO/-3-5,大肠杆菌载体
SARS Frag. 4 pCRII-TOPO,大肠杆菌载体
pMHC1-150/Glu7,大肠杆菌载体
pMTD1.3xA,大肠杆菌载体
pMH3/3097,大肠杆菌载体
VumD1,大肠杆菌载体
pSP103,大肠杆菌载体
pIJ702-36Y,大肠杆菌载体
pSL597,大肠杆菌载体
pSL775,大肠杆菌载体
pM23,大肠杆菌载体
pP53-208,大肠杆菌载体
pXIS11,大肠杆菌载体
pSM1,大肠杆菌载体
pLY4,大肠杆菌载体
pIF413,大肠杆菌载体
pJHAM004,大肠杆菌载体
CAM,大肠杆菌载体
RM33,大肠杆菌载体
pRL1,大肠杆菌载体
pRAUW122,大肠杆菌载体
pMUTIN-YFP,大肠杆菌载体
pMUTIN-cMyc,大肠杆菌载体
cosmid AN26,大肠杆菌载体
pCB1534,大肠杆菌载体
pBCe3.6,大肠杆菌载体
pKK175-6,大肠杆菌载体
pSW510,大肠杆菌载体
pUSH2,大肠杆菌载体
pBARMTE1,大肠杆菌载体
pHV1249,大肠杆菌载体
pUCN18,大肠杆菌载体
pDE1,大肠杆菌载体
pHEK9,大肠杆菌载体
pQE-30 Xa,大肠杆菌载体
pSP73,大肠杆菌载体
pCold-SUMO,大肠杆菌载体
pProEX HTb,大肠杆菌载体
pGEM-T Easy,大肠杆菌载体
pZsYellow,大肠杆菌载体
psiRNA-hH1neo G2,大肠杆菌载体
pET-28a-BFP-C,大肠杆菌载体
pMSCG19,大肠杆菌载体
Pgex-HRV3C,大肠杆菌载体
pRSETB-TagBFP,大肠杆菌载体
pET28a-DsRed2,大肠杆菌载体
pETG-30A,大肠杆菌载体
pETcoco-1,大肠杆菌载体
pBeloBAC11,大肠杆菌载体
pET28a-EYFP,大肠杆菌载体
pBAD30,大肠杆菌载体
pMal-c5E,大肠杆菌载体
pGEM-3Zf(+),大肠杆菌载体
pMA5,大肠杆菌载体
pET-28b(+),大肠杆菌载体
pED-Trx-pp-air,大肠杆菌载体
pTrc-CKS,大肠杆菌载体
pLLP-STII,大肠杆菌载体
pLLP-OmpA,大肠杆菌载体
pRY121,大肠杆菌载体
pN0.9,大肠杆菌载体
pWL102,大肠杆菌载体
pRIT12309,大肠杆菌载体
pCR2.1-TOPO vector+57-2,大肠杆菌载体
Rhodopseudomonas palustris CGA-CAhydA,大肠杆菌载体
pCR101-3,大肠杆菌载体
pCR11-1,大肠杆菌载体
pCR7j-1,大肠杆菌载体
pCR3-9,大肠杆菌载体
pNIT-3,大肠杆菌载体
pRSET A/SE,大肠杆菌载体
pCRII-TOPO/22-1,大肠杆菌载体
pCRII-TOPO/-17-23,大肠杆菌载体
SARS Frag. 13 pCRII-TOPO,大肠杆菌载体
SARS Frag. 9 pCRII-TOPO,大肠杆菌载体
SARS Frag. 7 pCRII-TOPO,大肠杆菌载体
SARS Frag. 1/pCRII-TOPO,大肠杆菌载体
pMHC1-150/Lys7,大肠杆菌载体
pET-His-HBVc,大肠杆菌载体
VunD1,大肠杆菌载体
pETH3,大肠杆菌载体
pIJ702-del35-55,大肠杆菌载体
pIJ702-87LE,大肠杆菌载体
pSL647,大肠杆菌载体
ppyrG,大肠杆菌载体
pGH5,大肠杆菌载体
pSVc-myc-1,大肠杆菌载体
tRNAmet,大肠杆菌载体
pSV2-neo-v-sis,大肠杆菌载体
pMKS-1-E,大肠杆菌载体
pAS32-S,大肠杆菌载体
pJHAM003,大肠杆菌载体
RM158,大肠杆菌载体
RM57,大肠杆菌载体
pAD123,大肠杆菌载体
pPK2,大肠杆菌载体
pMUTIN-CFP,大肠杆菌载体
pSV50,大肠杆菌载体
pBC-phleo,大肠杆菌载体
pLH3,大肠杆菌载体
pMSN1,大肠杆菌载体
pUC4-KISS,大肠杆菌载体
pSW103,大肠杆菌载体
pBARGPE1,大肠杆菌载体
pBARGEM7-1,大肠杆菌载体
pHV1248,大肠杆菌载体
pUCM18,大肠杆菌载体
pCSN43,大肠杆菌载体
pHL2,大肠杆菌载体
pET-28a-EGFP,大肠杆菌载体
pG-KJE8,大肠杆菌载体
pG-Tf2,大肠杆菌载体
pProEX HTc,大肠杆菌载体
pKG-fasG,大肠杆菌载体
pBI Tet,大肠杆菌载体
pINIII-ompA,大肠杆菌载体
pTrxFus,大肠杆菌载体
PLPP-ompA,大肠杆菌载体
pDrive,大肠杆菌载体
pET22b-EBFP,大肠杆菌载体
pLac-EGFP,大肠杆菌载体
pT7-His,大肠杆菌载体
pET-28a-mCherry,大肠杆菌载体
pET28a-ECFP,大肠杆菌载体
pBL1,大肠杆菌载体
pGP704,大肠杆菌载体
pET-9a,大肠杆菌载体
pET-3c,大肠杆菌载体
pT7ts,大肠杆菌载体
pBluescript II KS(+),大肠杆菌载体
TAGZyme pQE-2,大肠杆菌载体
pET-Trx,大肠杆菌载体
pET-3d(+),大肠杆菌载体
pET-17b,大肠杆菌载体
pFV17,大肠杆菌载体
pWB254b,大肠杆菌载体
pRG5,大肠杆菌载体
pGH101,大肠杆菌载体
pCR2.1-TOPO vector+55-5,大肠杆菌载体
pBCJ164.3,大肠杆菌载体
pCR14-18,大肠杆菌载体
pCR10j-3,大肠杆菌载体
pCRMj-2,大肠杆菌载体
pCRSjC-8,大肠杆菌载体
pRSET A/Spike protein,大肠杆菌载体
pCRII-TOPO/25-6,大肠杆菌载体
pCRII-TOPO/21-2,大肠杆菌载体
pCRII-TOPO/-16-7,大肠杆菌载体
SARS Frag. 12 pCRII-TOPO,大肠杆菌载体
SARS Frag. 8/yT&A,大肠杆菌载体
SARS Frag. 6 pCRII-TOPO,大肠杆菌载体
pNC36,大肠杆菌载体
pMHC1-150/Arg7,大肠杆菌载体
pMTDC,大肠杆菌载体
VgD1,大肠杆菌载体
pCB2,大肠杆菌载体
pIJ702-87LEdel(78-86),大肠杆菌载体
pIJ702-35I,大肠杆菌载体
pHL545,大肠杆菌载体
pRSVADH,大肠杆菌载体
pMSV-2,大肠杆菌载体
pB1,大肠杆菌载体
pXbs201,大肠杆菌载体
pHh5G(H2a),大肠杆菌载体
pMKS-1-S,大肠杆菌载体
pMKS-1,大肠杆菌载体
pJHAM002,大肠杆菌载体
RM53,大肠杆菌载体
RM30,大肠杆菌载体
pMUTIN-FLAG,大肠杆菌载体
pDG148-Stu,大肠杆菌载体
pMUTIN-GFP+,大肠杆菌载体
pMYX10,大肠杆菌载体
pCB1536,大肠杆菌载体
pLH1,大肠杆菌载体
pMTR::HYG,大肠杆菌载体
pUCD1752,大肠杆菌载体
pSW102,大肠杆菌载体
pBARGEM7-2,大肠杆菌载体
pBARKS1,大肠杆菌载体
pHY201,大肠杆菌载体
pDE3,大肠杆菌载体
pES200,大肠杆菌载体
pHL1,大肠杆菌载体
pET28a-sumo,大肠杆菌载体
pNF-κB-Luc,大肠杆菌载体
pSPL3,大肠杆菌载体
pBad33,大肠杆菌载体
pET-fasG,大肠杆菌载体
pEGM-3ZF(+),大肠杆菌载体
pET-41Ek/LIC,大肠杆菌载体
pTYB4,大肠杆菌载体
pLpp-STII,大肠杆菌载体
pGEM-7Zf(+),大肠杆菌载体
pKillerRed-B,大肠杆菌载体
pET22b-EGFP,大肠杆菌载体
pETBlue-2,大肠杆菌载体
pET-28a(+),大肠杆菌载体
pMCSG7,大肠杆菌载体
pCR2.1-TOPO,大肠杆菌载体
pART27,大肠杆菌载体
pQE-22,大肠杆菌载体
pRSET-EGFP,大肠杆菌载体
pCWori,大肠杆菌载体
pED-GST-pp-air,大肠杆菌载体
pET-38b(+),大肠杆菌载体
pMBP-C,大肠杆菌载体
pET-3c-sumo,大肠杆菌载体
R6K,大肠杆菌载体
pMON546,大肠杆菌载体
pBSE1,大肠杆菌载体
EWD299,大肠杆菌载体
pCR2.1-TOPO vector+104-2,大肠杆菌载体
pCR2.1-TOPO vector+55-3,大肠杆菌载体
pNDH09,大肠杆菌载体
pCR13-3,大肠杆菌载体
pCR9-10,大肠杆菌载体
pCREj-2,大肠杆菌载体
pCRSjN-1,大肠杆菌载体
pRSET A/NC,大肠杆菌载体
pCRII-TOPO/24-5,大肠杆菌载体
pCRII-TOPO/20-7,大肠杆菌载体
pCRII-TOPO/-15-1,大肠杆菌载体
SARS Frag. 11 pCRII-TOPO,大肠杆菌载体
pCRII-TOPO/-2-7II,大肠杆菌载体
SARS Frag. 5 pCRII-TOPO,大肠杆菌载体
pMHC1-150/Pro7,大肠杆菌载体
pMHC1-150,大肠杆菌载体
pMH3/3097-HisC,大肠杆菌载体
VaD1,大肠杆菌载体
pSP105,大肠杆菌载体
"pIJ702-87del(78-86, 88-132)",大肠杆菌载体
pMCG1035,大肠杆菌载体
pPL376,大肠杆菌载体
pSVv-myc,大肠杆菌载体
pMSV-1,大肠杆菌载体
pE,大肠杆菌载体
pRM18,大肠杆菌载体
pHu4A,大肠杆菌载体
pMKS-1-D,大肠杆菌载体
pJHAM005,大肠杆菌载体
pDG364,大肠杆菌载体
RM34,大肠杆菌载体
pHCMC02,大肠杆菌载体
Escherichia coli BGSC ECE144,大肠杆菌载体
pNW33N,大肠杆菌载体
pMUTIN-HA,大肠杆菌载体
pMYX2,大肠杆菌载体
pCB1535,大肠杆菌载体
pI258,大肠杆菌载体
pWF1,大肠杆菌载体
pUCD800,大肠杆菌载体
pAEA5,大肠杆菌载体
pBARGEM5-1,大肠杆菌载体
pILJ16,大肠杆菌载体
pSUMN18,大肠杆菌载体
pDE2,大肠杆菌载体
pHEK10,大肠杆菌载体
pG1,大肠杆菌载体
pSTAT3-TA-Luc,哺乳动物载体
pFRT/lacZeo,哺乳动物载体
pCMV-FLAG-N,哺乳动物载体
pEF-myc-ER-GFP,哺乳动物载体
pNF-kB-Luc,哺乳动物载体
NL4-3-ΔEnv-EGFP,哺乳动物载体
pcDNA6-Flag-N/Myc-His,哺乳动物载体
pMEP4,哺乳动物载体
pYr-adshuttle-3,哺乳动物载体
pEF1/myc-His lacZ,哺乳动物载体
AAVS1-Neo-M2rtTA,哺乳动物载体
pCEP4-DsRed2,哺乳动物载体
pCEP4-Flag-N,哺乳动物载体
pcDNA3.1-T2A-EGFP,哺乳动物载体
pNLF1-N [CMV/Hygro],哺乳动物载体
pAAV-RC5,哺乳动物载体
FUW-tetO-MCS,哺乳动物载体
pCDNA3.1-Nanog,哺乳动物载体
pcDNA5/TO,哺乳动物载体
pGL4.45[luc2P/ISRE/Hygro],哺乳动物载体
phCMV1,哺乳动物载体
pCAGGS-EGFP,哺乳动物载体
pNL1.3[secNluc],哺乳动物载体
pEF6/V5-His B,哺乳动物载体
pCDNA3.0-HA-N,哺乳动物载体
pGene/V5-His C,哺乳动物载体
pNL3.3[secNluc/minP],哺乳动物载体
pDsRed-Monomer-C1,哺乳动物载体
pGL4.35[luc2P/9XGAL4UAS/Hygro],哺乳动物载体
pRNAT-U6.1/neo,哺乳动物载体
pGL4.18[luc2P/Neo],哺乳动物载体
eSpCas9-LentiCRISPR v2,哺乳动物载体
pGFP-Rab8A[T22N],哺乳动物载体
pLKO.1-EGFP-puro,哺乳动物载体
pRK5-HA,哺乳动物载体
pAdVAntage,哺乳动物载体
pcDNA3.1-IL2RG-HA-His,哺乳动物载体
pCMV-3Tag-1a-P2A,哺乳动物载体
pcDNA3.1+P2A-eGFP,哺乳动物载体
pCMV-3Tag-4A,哺乳动物载体
pCMV-3Tag-1A,哺乳动物载体
pcDNA3.1+/N-GST(Thrombin),哺乳动物载体
pcDNA3.1+N-HA,哺乳动物载体
pcDNA3.1+/C-HA,哺乳动物载体
pcDNA3.4,哺乳动物载体
pTRE2,哺乳动物载体
HDM-VSV-G,哺乳动物载体
pcDNA3-cmyc,哺乳动物载体
pCMV6-Entry,哺乳动物载体
p3xFLAG-Myc-CMV-24,哺乳动物载体
pCMV-Myc-N,哺乳动物载体
pDsRed-Monomer-Hyg-C1,哺乳动物载体
pCMV-(DYKDDDDK)-C,哺乳动物载体
pZsYellow-N1,哺乳动物载体
pEYFP-ER,哺乳动物载体
pcDNA4/V5-His B,哺乳动物载体
pcDNA3.1/V5-His B,哺乳动物载体
pUB6/V5 His lacZ,哺乳动物载体
pSUPER-puro,哺乳动物载体
pmR-mCherry,哺乳动物载体
pSUPERIOR puro,哺乳动物载体
pAD-SV40T,哺乳动物载体
pCMVLacI,哺乳动物载体
pTK-hyg,哺乳动物载体
pTet-Splice,哺乳动物载体
pcDNA5/FRT/TO,哺乳动物载体
pSV-Beta-Galactosidase,哺乳动物载体
pcDNA3.3-TOPO,哺乳动物载体
gRNA_Cloning Vector,哺乳动物载体
pcDNA3.1/Zeo(-),哺乳动物载体
pSilencer 4.1-CMV neo,哺乳动物载体
pGL4.33[luc2P/SRE/Hygro],哺乳动物载体
pHook-3,哺乳动物载体
pEBVHisA,哺乳动物载体
pREP7,哺乳动物载体
pCMV-SPORT-βgal,哺乳动物载体
pCMV-SPORT2,哺乳动物载体
pVAX1,哺乳动物载体
pSilencer 4.1-CMV puro,哺乳动物载体
pSilencer 2.1-U6 Neo,哺乳动物载体
pTK-Green-Renilla-Luc,哺乳动物载体
pProLabel-T,哺乳动物载体
pTK-Red-Firefly-Luc,哺乳动物载体
pFC32K Nluc-CMV-neo-Flexi,哺乳动物载体
pFC32A Nluc-CMV-Hygro-Flexi,哺乳动物载体
pGL4.80[hRlucP/Neo],哺乳动物载体
pGL4.77[hRlucP/Hygro],哺乳动物载体
pGL4.73[hRluc/SV40],哺乳动物载体
pGL4.70[hRluc],哺乳动物载体
pGL4.49[luc2P/TCF-LEF RE/Hygro],哺乳动物载体
pGL4.44[luc2P/AP1 RE/Hygro],哺乳动物载体
pGL4.32[luc2P/NF-κB-RE/Hygro],哺乳动物载体
pGL4.38[luc2P/p53 RE/Hygro],哺乳动物载体
pGL4.41[luc2P/HSE/Hygro],哺乳动物载体
pGL4.19,哺乳动物载体
pGL4.30,哺乳动物载体
pGL4.20,哺乳动物载体
pCHO1.0,哺乳动物载体
pcDNA3.1/His A,哺乳动物载体
pBI-CMV5,哺乳动物载体
pBI-CMV3,哺乳动物载体
pNFκB-MetLuc2-Reporter,哺乳动物载体
pAcGFP1-C3,哺乳动物载体
pAcGFP1-Mem,哺乳动物载体
pAcGFP1-F,哺乳动物载体
ptdTomato-N1,哺乳动物载体
pCMV-DsRed-Express2,哺乳动物载体
ptdTomato-C1,哺乳动物载体
pGL3 basic,哺乳动物载体
pAcGFP1-N3,哺乳动物载体
pAcGFP1-C In-Fusion Ready,哺乳动物载体
pDsRed2-Bid,哺乳动物载体
pAmCyan1-N1,哺乳动物载体
pDsRED-Monomer-N1,哺乳动物载体
pDsRed-Express-C1,哺乳动物载体
pDsRed-Express2-N1,哺乳动物载体
pIRES2-DsRed-Express2,哺乳动物载体
pIRESneo,哺乳动物载体
pIRES-EGFP,哺乳动物载体
pBApo-EF1α-pur,哺乳动物载体
pBApo-CMV-neo,哺乳动物载体
pcDNA5/FRT/TO-TOPO,哺乳动物载体
pcDNA3.1/NT-GFP-TOPO,哺乳动物载体
pCMV-PKA,哺乳动物载体
pcDNA3.2/V5/GW/D-TOPO,哺乳动物载体
pcDNA6.2/C-YFP-DEST,哺乳动物载体
pcDNA6/V5-His B,哺乳动物载体
pcDNA6/myc-His A,哺乳动物载体
pcDNA4/HisMax-TOPO,哺乳动物载体
pcDNA4/myc-His C,哺乳动物载体
c-Flag pcDNA3,哺乳动物载体
pcDNA4/myc-His A,哺乳动物载体
pcDNA4/His A,哺乳动物载体
pcDNA4/TO,哺乳动物载体
pBudCE4.1,哺乳动物载体
pFLAG-CMV-2,哺乳动物载体
p3xFLAG-CMV-10,哺乳动物载体
p3XFLAG-CMV-7,哺乳动物载体
plRES2-ZsGreen1,哺乳动物载体
pCMV-Tag 3B,哺乳动物载体
pCMV-Tag 4A,哺乳动物载体
pCMV-Tag 2C,哺乳动物载体
pCMV-Myc,哺乳动物载体
pEF1α-AcGFP1-N1,哺乳动物载体
pDual-GC,哺乳动物载体
pcDNA4/TO/Myc-His/LacZ,哺乳动物载体
pSwitch,哺乳动物载体
pTRE3G-Luc,哺乳动物载体
pTet-On,哺乳动物载体
pRevTet-Off,哺乳动物载体
pBIND-Id Control,哺乳动物载体
pACT-MyoD,哺乳动物载体
pGRN145,哺乳动物载体
pEE6.4,哺乳动物载体
pcDNA3.1/Myc-His C,哺乳动物载体
pEF6/V5-His TOPO TA,哺乳动物载体
pEF6/myc-His B,哺乳动物载体
pEF6/His A,哺乳动物载体
pEF1/V5-His C,哺乳动物载体
pEF1/myc-His A,哺乳动物载体
pEF4/myc-His A,哺乳动物载体
pEF4/His A,哺乳动物载体
pEGFP-N3,哺乳动物载体
pEGFP-C3,哺乳动物载体
pcDNA3.1/Hygro(-),哺乳动物载体
psiCHECK 2,哺乳动物载体
pRNA-H1.1/Adeno,哺乳动物载体
pRluc-N1,哺乳动物载体
pcDNA3.1-Cre,哺乳动物载体
pCEP4,哺乳动物载体
pAcGFP1-Actin,哺乳动物载体
pNL4-3,哺乳动物载体
pDsRed2-N1,哺乳动物载体
pEF1α-IRES-DsRed-Express2,哺乳动物载体
pRluc-N2,哺乳动物载体
pGL4.75[hRluc/CMV],哺乳动物载体
pCGN,哺乳动物载体
Puro-Cas9 donor,哺乳动物载体
pRluc-N3,哺乳动物载体
pSecTag2/Hygro A,哺乳动物载体
pcDNA3.1-T2A-DsRed2,哺乳动物载体
pNLF1-C [CMV/Hygro],哺乳动物载体
pTet-off-advanced,哺乳动物载体
pBD-NF-kB,哺乳动物载体
pEGFP-C3-IRF3,哺乳动物载体
pCMV-Gaussia-Dura-Luc,哺乳动物载体
pBudCE4.1-hrGFP,哺乳动物载体
pcDNA3.1-Flag-HA,哺乳动物载体
pEGFP-LC3b,哺乳动物载体
pmGeos-M-C1,哺乳动物载体
pECMV-3×FLAG-N,哺乳动物载体
pSUPER.neo+gfp,哺乳动物载体
pGene/V5-His A,哺乳动物载体
pEE14.4,哺乳动物载体
pZsYellow1-N1,哺乳动物载体
pGL4.22[luc2CP/Puro],哺乳动物载体
pTagCFP-N,哺乳动物载体
pCDEF-HA-Ub-K63R,哺乳动物载体
pRevTet-On,哺乳动物载体
pEF-BOS,哺乳动物载体
pLKO.1-EGFP,哺乳动物载体
pCDNA3.1-FLAG(-),哺乳动物载体
pCMV-HA-SRC,哺乳动物载体
pcDNA3.1-GP130v1,哺乳动物载体
pcDNA3.1+C-DYK-P2A,哺乳动物载体
pcDNA3.1+N-eGFP,哺乳动物载体
pCMV-3Tag-3a,哺乳动物载体
pcDNA3.1+/N-GST(TEV),哺乳动物载体
pcDNA3.1+N-MYC,哺乳动物载体
pcDNA3.1+N-DYK,哺乳动物载体
pcDNA3.1+/C-DYK,哺乳动物载体
pTRE2pur,哺乳动物载体
pTRE2hyg,哺乳动物载体
HDM-Rev1b,哺乳动物载体
pBabe-Dual,哺乳动物载体
pCDM8,哺乳动物载体
pCMV-HA-N,哺乳动物载体
pCMV-Flag-C,哺乳动物载体
pCGlobin2-Cre,哺乳动物载体
pCMV-(DYKDDDDK)-N,哺乳动物载体
pLEGFP-N1,哺乳动物载体
pcDNA3.1-mRFP,哺乳动物载体
pcDNA4/V5-His A,哺乳动物载体
pTracer-CMV2,哺乳动物载体
pCMV-RFP-C-Myc,哺乳动物载体
pMIR-REPORT β-gal Control,哺乳动物载体
pSilencer 3.1-H1 neo,哺乳动物载体
pFR-Luc,哺乳动物载体
pBD-NF-κB,哺乳动物载体
pEF1/myc-His B,哺乳动物载体
pTK-Neo,哺乳动物载体
pSV2-Neo,哺乳动物载体
pEE12.4,哺乳动物载体
pTet-Off,哺乳动物载体
pCAG-T7-TALEN(Sangamo)-Destination,哺乳动物载体
mVenus-C1,哺乳动物载体
pcDNA3.1/Zeo(+),哺乳动物载体
pDsRED2-Peroxi,哺乳动物载体
pBK-CMV,哺乳动物载体
pEBVHisB,哺乳动物载体
pEBVHis-lacZ,哺乳动物载体
pREP4/CAT,哺乳动物载体
pCMV-SPORT1,哺乳动物载体
pCMV-SPORT4,哺乳动物载体
pSilencer 2.1-U6 hygro,哺乳动物载体
pSilencer1.0,哺乳动物载体
pBLOCK-iT6-DEST,哺乳动物载体
pCMV-Green-Renilla-Luc,哺乳动物载体
pProLabel-C,哺乳动物载体
pCMV-Red-Firefly-Luc,哺乳动物载体
pFN31K Nluc-CMV-neo-Flexi,哺乳动物载体
pGL4.84[hRlucCP/Puro],哺乳动物载体
pGL4.79[hRluc/Neo],哺乳动物载体
pGL4.76[hRluc/Hygro],哺乳动物载体
pGL4.72[hRlucCP],哺乳动物载体
pGL4.52[luc2P/STAT5RE/Hygro],哺乳动物载体
pGL4.48[luc2P/SBE/Hygro],哺乳动物载体
pGL4.43[luc2P/XRE/Hygro],哺乳动物载体
pGL4.11[luc2P],哺乳动物载体
pGL4.39[luc2P/ATF6 RE/Hygro],哺乳动物载体
pGL4.10,哺乳动物载体
pGL4.26,哺乳动物载体
pGL4.75,哺乳动物载体
pGL4.37[luc2P/ARE/Hygro],哺乳动物载体
pcDNA3.1/His C,哺乳动物载体
pIRESpuro3,哺乳动物载体
pSEAP2-Basic,哺乳动物载体
pBI-CMV2,哺乳动物载体
pCRE-MetLuc2-Reporter,哺乳动物载体
pAcGFP1-C,哺乳动物载体
pAcGFP1-Lam,哺乳动物载体
pAcGFP1-Hyg-C1,哺乳动物载体
pCMV-tdTomato,哺乳动物载体
pEF1α-tdTomato,哺乳动物载体
pAsRed2-C1,哺乳动物载体
pAcGFP1-C2,哺乳动物载体
pAcGFP1-N2,哺乳动物载体
pCRE-DD-AmCyan1,哺乳动物载体
pDsRED2-Mito,哺乳动物载体
pAmCyan1-C1,哺乳动物载体
pDsRed-Express-N1,哺乳动物载体
pIRES2-ZsGreen1,哺乳动物载体
pEF1α-DsRed-Express2,哺乳动物载体
pIRES-hrGFP-1a,哺乳动物载体
pIREShyg3,哺乳动物载体
pIRES2-AcGFP1,哺乳动物载体
pBApo-EF1α-neo,哺乳动物载体
pBApo-CMV-Pur,哺乳动物载体
pFLAG-CMV2,哺乳动物载体
pCMV-MEKK1,哺乳动物载体
pcDNA6.2/nTC-Tag-DEST,哺乳动物载体
pcDNA6.2/V5/GW/D-TOPO,哺乳动物载体
pcDNA6.2/cGeneBLAzer-DEST,哺乳动物载体
pcDNA6/V5-His C,哺乳动物载体
pcDNA6/myc-His B,哺乳动物载体
pcDNA6.2/nLumio-DEST,哺乳动物载体
pcDNA4/HisMax C,哺乳动物载体
pcDNA4/HisMax B,哺乳动物载体
pcDNA4/His C,哺乳动物载体
pcDNA6/TR,哺乳动物载体
pcDNA4/TO/Myc-His B,哺乳动物载体
pFLAG-CMV-4,哺乳动物载体
pFLAG-CMV-5a,哺乳动物载体
p3XFLAG-CMV-8,哺乳动物载体
p3XFLAG-CMV-13,哺乳动物载体
pCMV-Tag 3C,哺乳动物载体
pCMV-Tag 5C,哺乳动物载体
pCMV-Tag 5B,哺乳动物载体
pCMV-Tag 2B,哺乳动物载体
pEF1α-IRES-AcGFP1,哺乳动物载体
pIRES2-DsRed2,哺乳动物载体
pBK-RSV,哺乳动物载体
pOPI3CAT,哺乳动物载体
pVgRxR,哺乳动物载体
pTRE3G,哺乳动物载体
pTet on advanced,哺乳动物载体
pCMV-AD,哺乳动物载体
pBIND,哺乳动物载体
pACT,哺乳动物载体
pSecTag2 A,哺乳动物载体
pcDNA3.1/GS,哺乳动物载体
pcDNA3.1/Myc-His B,哺乳动物载体
pEF6/V5-His C,哺乳动物载体
pEF6/His C,哺乳动物载体
pEF4/V5-His C,哺乳动物载体
pEF1/V5-His B,哺乳动物载体
pEF4/myc-His B,哺乳动物载体
pEF4/His C,哺乳动物载体
pEGFP-N1,哺乳动物载体
pEGFP-C2,哺乳动物载体
pcDNA3.1(+),哺乳动物载体
pcDNA3.1/Hygro(+),哺乳动物载体
pMIR-Report Luciferase,哺乳动物载体
pLEGFP-C1,哺乳动物载体
pcDNA3.1+N-6HIS,哺乳动物载体
pcDNA3.1+P2A,哺乳动物载体
pSinRep5,哺乳动物载体
pAcGFP1-Mito,哺乳动物载体
pNL4-3-Luc-R-E-,哺乳动物载体
pCMV-LacZ,哺乳动物载体
phRL-TK,哺乳动物载体
pcDNA3.1(+)/CAT,哺乳动物载体
pcDNA6.2/EmGFP-Bsd/V5-DEST,哺乳动物载体
pCMV6-XL4,哺乳动物载体
pCEP4-YFP,哺乳动物载体
pCG,哺乳动物载体
pCMV6-AC-IRES-GFP,哺乳动物载体
pCMVInt,哺乳动物载体
pNLF1-secN [CMV/Hygro],哺乳动物载体
pTT5,哺乳动物载体
Laconic/pcDNA3.1(-),哺乳动物载体
pcDNA3.1-3xFlag-C,哺乳动物载体
pcDNA5/FRT,哺乳动物载体
pmKO2-N1,哺乳动物载体
pCAGGS,哺乳动物载体
pTAL-Luc,哺乳动物载体
pEGFP-EcoRV,哺乳动物载体
pFLAG CMV 5.1,哺乳动物载体
pTagBFP-N,哺乳动物载体
pAAV-tre-mcherry,哺乳动物载体
pFUSE-hIgG1e1-Fc2,哺乳动物载体
pSilencer 1.0-U6,哺乳动物载体
pCMV6-AC-GFP,哺乳动物载体
pT2-Venus,哺乳动物载体
pGL4.31[luc2P/GAL4UAS/Hygro],哺乳动物载体
pGFP-Rab8A[Q67L],哺乳动物载体
pSecTag2 B,哺乳动物载体
pDsRed-Monomer-Golgi,哺乳动物载体
pCDNA3.1-3×HA-N,哺乳动物载体
pcDNA3.1-CNTRFv1-HA-His,哺乳动物载体
pCMV-3Tag-3a-P2A,哺乳动物载体
pcDNA3.1+N-DYK-P2A,哺乳动物载体
pcDNA3.1+C-eGFP,哺乳动物载体
pCMV-3Tag-2A,哺乳动物载体
pcDNA3.1+/N-GST(TEV),哺乳动物载体
pcDNA3.1+C-6HIS,哺乳动物载体
pcDNA3.1+/C-Myc,哺乳动物载体
pBluescript KS(+),哺乳动物载体
pTRE2-hygro,哺乳动物载体
pUC57,哺乳动物载体
HDM-Tat1b,哺乳动物载体
pCMV-3Tag-6,哺乳动物载体
pNF-kB-TA-Luc,哺乳动物载体
pCMV-Myc-C,哺乳动物载体
pLJM1,哺乳动物载体
pZeoSV2 (+),哺乳动物载体
pCMV-HA-C,哺乳动物载体
pPAmCherry-Tubulin,哺乳动物载体
pcDNA3.1/CT-GFP,哺乳动物载体
pcDNA3.1/V5-His A,哺乳动物载体
pCMV5,哺乳动物载体
pcDNA3-HA-TAB1,哺乳动物载体
pSingle-tTS-shRNA,哺乳动物载体
pNFAT-TA-Luc,哺乳动物载体
pAD-TRAF,哺乳动物载体
pBD-p53,哺乳动物载体
pGL4.51[luc2/CMV/Neo],哺乳动物载体
pTet-tTAK,哺乳动物载体
pCMV-Tet3G,哺乳动物载体
pcDNA3.1-EGFP,哺乳动物载体
pOptiVEC-TOPO,哺乳动物载体
pcDNA3.1(+) CircRNA Mini,哺乳动物载体
pIRES,哺乳动物载体
pIRES2-EGFP,哺乳动物载体
pEF1/V5-HisA,哺乳动物载体
pHOOK1,哺乳动物载体
pEBVHisC,哺乳动物载体
pREP10,哺乳动物载体
pREP4,哺乳动物载体
pCMV-SPORT6.1,哺乳动物载体
pCMV-RFP-C-HA,哺乳动物载体
pSilencer 3.1-H1 hygro,哺乳动物载体
pSilencer 2.1-U6 Puro,哺乳动物载体
pSUPER,哺乳动物载体
pMCS-Green-Renilla-Luc,哺乳动物载体
pProLabel-N,哺乳动物载体
pMCS-Red-Firefly-Luc,哺乳动物载体
pFN31A Nluc-CMV-Hygro-Flexi,哺乳动物载体
pGL4.83[hRlucP/Puro],哺乳动物载体
pGL4.78[hRlucCP/Hygro],哺乳动物载体
pGL4.74[hRluc/TK],哺乳动物载体
pGL4.71[hRlucP],哺乳动物载体
pGL4.50[luc2/CMV/Hygro],哺乳动物载体
pGL4.47[luc2P/SIE/Hygro],哺乳动物载体
pGL4.42[luc2P/HRE/Hygro],哺乳动物载体
pGL4.34[luc2P/SRF-RE/Hygro],哺乳动物载体
pGL4.40[luc2P/MRE/Hygro],哺乳动物载体
pGL4.13,哺乳动物载体
pGL4.29,哺乳动物载体
pGL4.27,哺乳动物载体
pRL-null,哺乳动物载体
pcDNA3.1/His B,哺乳动物载体
pNFkB-DD-tdTomato,哺乳动物载体
pSEAP2-Control,哺乳动物载体
pBI-CMV1,哺乳动物载体
pAcGFP1-N In-Fusion Ready,哺乳动物载体
pAcGFP1-p53,哺乳动物载体
pAcGFP1-Golgi,哺乳动物载体
pAsRed2-N1,哺乳动物载体
pCRE-DD-tdTomato,哺乳动物载体
pCRE-hrGFP,哺乳动物载体
pGL3-Promoter,哺乳动物载体
pAcGFP1-C1,哺乳动物载体
pAcGFP1-N1,哺乳动物载体
pNFkB-DD-AmCyan1,哺乳动物载体
pDD-AmCyan1 Reporter,哺乳动物载体
pEF1α-DsRed-Monomer-N1,哺乳动物载体
pDsRed-Monomer-N In-Fusion Ready,哺乳动物载体
pDsRed-Express2-C1,哺乳动物载体
pIRES2-DsRed-Express,哺乳动物载体
pIRESneo2,哺乳动物载体
pIRESneo3,哺乳动物载体
pDsRed-Monomer,哺乳动物载体
pBApo-CMV,哺乳动物载体
pcDNA5/FRT/V5-His-TOPO,哺乳动物载体
pcDNA3.1/CT-GFP-TOPO,哺乳动物载体
pCMV-MEK1,哺乳动物载体
pcDNA6.2/cTC-Tag-DEST,哺乳动物载体
pcDNA6.2/nGeneBLAzer-GW/D-TOPO,哺乳动物载体
pcDNA6/V5-His A,哺乳动物载体
pcDNA6/myc-His C,哺乳动物载体
pcDNA6.2/nGeneBLAzer-DEST,哺乳动物载体
pcDNA6.2/cLumio-DEST,哺乳动物载体
pcDNA4/HisMax A,哺乳动物载体
pcDNA4/myc-His B,哺乳动物载体
pcDNA4/His B,哺乳动物载体
pcDNA4/TO/Myc-His A,哺乳动物载体
pcDNA4/TO/Myc-His C,哺乳动物载体
pFLAG-CMV-3,哺乳动物载体
p3XFLAG-CMV-9,哺乳动物载体
p3XFLAG-CMV-7.1,哺乳动物载体
p3XFLAG-CMV-14,哺乳动物载体
pCMV-Tag 3A,哺乳动物载体
pCMV-Tag 5A,哺乳动物载体
pCMV-Tag 4B,哺乳动物载体
pCMV-Tag 2A,哺乳动物载体
pEF1α-IRES-ZsGreen1,哺乳动物载体
pOPRSVI,哺乳动物载体
pBI-CMV4,哺乳动物载体
pGene/V5-His B,哺乳动物载体
pIND,哺乳动物载体
pTRE-Tight,哺乳动物载体
pRevTRE,哺乳动物载体
pCMV-BD,哺乳动物载体
pG5 luciferase,哺乳动物载体
pCMV-SPORT6,哺乳动物载体
pEF6/V5-His A,哺乳动物载体
pcDNA3.1(+)/Myc HisB,哺乳动物载体
pcDNA3.1/Myc-His A,哺乳动物载体
pEF6/myc-His A,哺乳动物载体
pEF6/His B,哺乳动物载体
pEF4/V5-His B,哺乳动物载体
pEF1/myc-His C,哺乳动物载体
pEF4/myc-His C,哺乳动物载体
pEF4/His B,哺乳动物载体
pEGFP-N2,哺乳动物载体
pEGFP-C1,哺乳动物载体
pcDNA3.1(-),哺乳动物载体
pVitro2-neo-mcs,哺乳动物载体
pRNATin-H1.2/Retro,哺乳动物载体
pKLAC2,酵母表达载体
pYX212,酵母表达载体
pDNR1,酵母表达载体
pNZ8148 （mc1061）,酵母表达载体
pLexA,酵母表达载体
pBT3-STE,酵母表达载体
pGADT7-Rec,酵母表达载体
pGADT7-T,酵母表达载体
pYC2/NT A,酵母表达载体
pPink-HC,酵母表达载体
pPIC6αC,酵母表达载体
p416GFD,酵母表达载体
pYC119,酵母表达载体
pYC54,酵母表达载体
pYC48,酵母表达载体
pFLD,酵母表达载体
YEplac195,酵母表达载体
YCplac33,酵母表达载体
pGAPZ B,酵母表达载体
pYES-DEST52,酵母表达载体
pRS406,酵母表达载体
pSEP3,酵母表达载体
pGAG424,酵母表达载体
pSos-MAFB,酵母表达载体
pGBKT7-Lam,酵母表达载体
pFLDalpha,酵母表达载体
Ycp22lac-EGFP,酵母表达载体
SUMO protease,酵母表达载体
pPICZ A,酵母表达载体
LA503,酵母表达载体
pPIC ZαFC,酵母表达载体
pYRP7,酵母表达载体
pRS426,酵母表达载体
pESC-Leu,酵母表达载体
pYES2-NTC,酵母表达载体
pMETαB,酵母表达载体
pMET A,酵母表达载体
pGAPZα C,酵母表达载体
pPICZ B,酵母表达载体
pPIC9,酵母表达载体
pKLAC1,酵母表达载体
pDisplay,酵母表达载体
pGAD424,酵母表达载体
pYM39-EYFP,酵母表达载体
pJG4-5,酵母表达载体
pAbAi,酵母表达载体
pRS425,酵母表达载体
YCplac22,酵母表达载体
pYC2/NT B,酵母表达载体
pPICZα B,酵母表达载体
pPIC6 A,酵母表达载体
pYES2/CT,酵母表达载体
pYC121,酵母表达载体
pYC52,酵母表达载体
pYC50,酵母表达载体
YIplac211,酵母表达载体
YEplac181,酵母表达载体
pRS426gal,酵母表达载体
pGAPZ C,酵母表达载体
pBD-GAL4-Cam,酵母表达载体
pRS413,酵母表达载体
pSEP2,酵母表达载体
p53blue,酵母表达载体
pSos,酵母表达载体
pGBKT7-53,酵母表达载体
pFLD/CAT,酵母表达载体
pYES2-EGFP,酵母表达载体
pAUR123,酵母表达载体
pPICZ C,酵母表达载体
pHIC-PI,酵母表达载体
pYEPlac195,酵母表达载体
pYCP211,酵母表达载体
pRS316,酵母表达载体
pESC-His,酵母表达载体
pYES2-NTA,酵母表达载体
pMETαA,酵母表达载体
pPink-LC,酵母表达载体
pGAPZα B,酵母表达载体
pPIC9K,酵母表达载体
pYES2/CT/α-Factor,酵母表达载体
pUG35,酵母表达载体
pBLADE-SX,酵母表达载体
pYM30-ECFP,酵母表达载体
pEG202,酵母表达载体
pFA6a-GFP(S65T)-kanMX6,酵母表达载体
pYES2-flag,酵母表达载体
pDEST32,酵母表达载体
pYC2/NT C,酵母表达载体
pPIC6αA,酵母表达载体
pPIC6 B,酵母表达载体
pPIC9k-His,酵母表达载体
pYC25,酵母表达载体
pYC56,酵母表达载体
pYC16,酵母表达载体
YIplac204,酵母表达载体
YEplac112,酵母表达载体
pUG66,酵母表达载体
pAD-GAL4-2.1,酵母表达载体
pRS403,酵母表达载体
pRS414,酵母表达载体
pSEP1,酵母表达载体
pHisSi-1,酵母表达载体
pHis2,酵母表达载体
pGBKT7,酵母表达载体
pPinkα-HC,酵母表达载体
pPIC3.5K,酵母表达载体
pDR195,酵母表达载体
pYES2,酵母表达载体
pPIC ZαD,酵母表达载体
pYEPlac112,酵母表达载体
pYES2-kan,酵母表达载体
pESC-URA,酵母表达载体
pYES6/CT,酵母表达载体
pYES2-NTB,酵母表达载体
pMET C,酵母表达载体
pHIL-D2,酵母表达载体
pGAPZα A,酵母表达载体
pAO815,酵母表达载体
P416GPD,酵母表达载体
pRS415,酵母表达载体
p426 GAL,酵母表达载体
pPR3-C,酵母表达载体
pPR3-N,酵母表达载体
pP-αSUMO3,酵母表达载体
pLaczi,酵母表达载体
pMyr,酵母表达载体
pYC2/CT,酵母表达载体
pPIC6αB,酵母表达载体
pPIC6 C,酵母表达载体
pYC66,酵母表达载体
pYC46,酵母表达载体
pYC44,酵母表达载体
pYD1,酵母表达载体
YIplac128,酵母表达载体
YCplac111,酵母表达载体
pGAPZ A,酵母表达载体
pPICZα A,酵母表达载体
pRS405,酵母表达载体
pRS416,酵母表达载体
p53his,酵母表达载体
pCL1,酵母表达载体
pBridge,酵母表达载体
pACT2-AD,酵母表达载体
pADH2,酵母表达载体
pYIP5,酵母表达载体
pGADT7,酵母表达载体
BFD15,酵母表达载体
pPIC ZαGB,酵母表达载体
pYIP211,酵母表达载体
pRS41H,酵母表达载体
pESC-TRP,酵母表达载体
pYES3/CT,酵母表达载体
pMETαC,酵母表达载体
pMET B,酵母表达载体
pHIL-S1,酵母表达载体
pPICZα C,酵母表达载体
pPIC3.5,酵母表达载体
pBAC-1,昆虫表达载体
pIZT/V5-His/CAT,昆虫表达载体
pIZT-DsRed2-V5-6×His,昆虫表达载体
pAcGHLT B,昆虫表达载体
pAcGHLT A,昆虫表达载体
pIB/V5-His,昆虫表达载体
pBacPAK8-His,昆虫表达载体
pVL1393,昆虫表达载体
pIEX/Bac-1,昆虫表达载体
pMT/BiP/V5-His A,昆虫表达载体
pAc5/V5-HisA,昆虫表达载体
pAc5.1/V5-His B,昆虫表达载体
pMT/BiP/V5-His B,昆虫表达载体
pIEXBac-c-EGFP-1,昆虫表达载体
pBlueBacHis2 C,昆虫表达载体
pFBDM,昆虫表达载体
pMT/V5-His C,昆虫表达载体
pAc5.1b,昆虫表达载体
pFastBac-N-GST-TEV,昆虫表达载体
pVL1392-XylE,昆虫表达载体
pIZ/V5-His,昆虫表达载体
pBluescript II SK(-),昆虫表达载体
pAcHLT A,昆虫表达载体
pAcG2T,昆虫表达载体
pIZT/V5-His,昆虫表达载体
pBacPAK9,昆虫表达载体
pXINSECT-DEST39,昆虫表达载体
pFastBacHT B,昆虫表达载体
pCoHygro,昆虫表达载体
pAc5-V5-HisB,昆虫表达载体
pMIB/V5-His C,昆虫表达载体
pIEx/Bac-4,昆虫表达载体
pIEXBac-c-EGFP-4,昆虫表达载体
pBlueBacHis2 B,昆虫表达载体
pUCDM,昆虫表达载体
pMT/V5-His B,昆虫表达载体
pAc5.1a,昆虫表达载体
pFastBacI-Gus,昆虫表达载体
pFastBac1-GST-N,昆虫表达载体
pFastBac-GST-C,昆虫表达载体
pAcSG2,昆虫表达载体
pAcHLT B,昆虫表达载体
pDream2.1/MCS,昆虫表达载体
pFastBacHT A,昆虫表达载体
pMT/BioEase-DEST,昆虫表达载体
pXINSECT-DEST38,昆虫表达载体
pFastBac1,昆虫表达载体
pAc5.1/V5-His C,昆虫表达载体
pAc5-V5-HisC,昆虫表达载体
pMIB/V5-His A,昆虫表达载体
pIEx/Bac-3,昆虫表达载体
pAc5.1B-EGFP,昆虫表达载体
pFastBacHT C,昆虫表达载体
pFastBac Dual,昆虫表达载体
pMT/V5-His A,昆虫表达载体
pVL1392-XyIE control vector,昆虫表达载体
pFastBacHT-CAT,昆虫表达载体
pFastBac1-His-C,昆虫表达载体
pFastBac-GST-N,昆虫表达载体
pAcGHLT C,昆虫表达载体
pAcHLT C,昆虫表达载体
pAB-bee,昆虫表达载体
pBacPAK8,昆虫表达载体
pVL1392,昆虫表达载体
pIB/V5-His-TOPO,昆虫表达载体
pMT/V5-His-TOPO,昆虫表达载体
pAc5.1-V5-His A,昆虫表达载体
pCoBlast,昆虫表达载体
pMT/BiP/V5-His C,昆虫表达载体
pIEXBac-c-EGFP-3,昆虫表达载体
pBlueBacHis2 A,昆虫表达载体
pMT-Bip-V5-HisA,昆虫表达载体
pMIB/V5-His B,昆虫表达载体
pAcGP67A,昆虫表达载体
pFastBac-c-His-TEV,昆虫表达载体
pBADZ-His6Cre,昆虫表达载体
pBHGloxdelE13cre,腺病毒载体
pDC316-ZsGreen1-shRNA,腺病毒载体
pBC SK(+),腺病毒载体
pAAV-minCMV-mCherry,腺病毒载体
pAAV-Syn-Rluc,腺病毒载体
pAAV-CMV-Rluc,腺病毒载体
pCTAP-Shuttle-B,腺病毒载体
pNTAP-Shuttle-B,腺病毒载体
pDC515,腺病毒载体
pDC415,腺病毒载体
pDC316,腺病毒载体
pAdTrack-CMV,腺病毒载体
pAAV-MCS,腺病毒载体
pHelper,腺病毒载体
pShuttle-CMV-lacZ,腺病毒载体
pAAV-CAG-GFP,腺病毒载体
pDC316-mCMV-EGFP,腺病毒载体
pAAV-RC6,腺病毒载体
pAAV-CMV-iRFP,腺病毒载体
pAAV-TRE-CAG-Fluc,腺病毒载体
pAAV-CAG-Fluc,腺病毒载体
pCTAP-Shuttle-C,腺病毒载体
pShuttle-IRES-hrGFP-2,腺病毒载体
pDC512,腺病毒载体
pDC411,腺病毒载体
pAdTrack,腺病毒载体
pAdEasy-1,腺病毒载体
pacAd5 CMV-GFP,腺病毒载体
pCMV-MCS,腺病毒载体
pShuttle-CMV,腺病毒载体
pAAV-hSyn-RFP,腺病毒载体
pAAV-RC9,腺病毒载体
pAAV-RC2,腺病毒载体
pAAV-CaMKIIa-EGFP,腺病毒载体
pAAV-TRE-Syn-Fluc,腺病毒载体
pAAV-CA,腺病毒载体
pNTAP-Shuttle-C,腺病毒载体
pLVX-TRE3G-Hom1,腺病毒载体
pDC511,腺病毒载体
pDC312,腺病毒载体
pAAV-IRES-hrGFP,腺病毒载体
pAAV-RC,腺病毒载体
pacAd5 CMVK-NpA,腺病毒载体
pDC315,腺病毒载体
pShuttle,腺病毒载体
pDC316-mCMV-tdTomato,腺病毒载体
pAAV-ZsGreen1-shRNA,腺病毒载体
pAAV-CAG-RFP,腺病毒载体
pShuttle-CMV-EGFP-C,腺病毒载体
pAAV-UbC,腺病毒载体
pCTAP-Shuttle-A,腺病毒载体
pNTAP-Shuttle-A,腺病毒载体
pDC516,腺病毒载体
pDC416,腺病毒载体
pDC311,腺病毒载体
pAAV-hrGFP,腺病毒载体
pAAV-LacZ,腺病毒载体
pacAd5 9.2-100,腺病毒载体
pShuttle-IRES-hrGFP-1,腺病毒载体
pLVX-EGFP-C1,慢病毒载体
pCDH-MSCV-MCS-EF1-copGFP-T2A-Puro,慢病毒载体
pTRIPZ empty,慢病毒载体
L307,慢病毒载体
pLVPTH2-tTR-KRAB-Cerulean,慢病毒载体
pLKO.1-puro-CMV-TurboGFPP,慢病毒载体
pLVX-mCerulean-N1,慢病毒载体
pLVX-IRES-Puro-3xFlag,慢病毒载体
pLVX-Myc-MCS-Strep-IRES-Puro,慢病毒载体
pLVX-ZsGreen1-N1,慢病毒载体
pLVX-Tet-On-Advanced,慢病毒载体
pMDLg/pRRE,慢病毒载体
pSIH1-H1-CopGFP,慢病毒载体
pLenti6/V5-GW/lacZ,慢病毒载体
FUW-tetO-hSOX2,慢病毒载体
pLentG-KOSM,慢病毒载体
pLentilox 3.7,慢病毒载体
pCMV-dR8.2-dvpr,慢病毒载体
pLVX-EF1α-AcGFP1-N1,慢病毒载体
pLenti CMV/TO Puro DEST (670-1),慢病毒载体
pCDH-CMV-MCS-EF1-copGFP,慢病毒载体
pLP1,慢病毒载体
pPACKH1-GAG,慢病毒载体
pLKO.1-TRC,慢病毒载体
FUW,慢病毒载体
pLVX-AmCyan1-N1,慢病毒载体
pLVX-DsRed-Monomer-N1,慢病毒载体
pLVX-IRES-mCherry,慢病毒载体
pLVX-tdTomato-C1,慢病毒载体
pLVX-IRES-Neo,慢病毒载体
pLVX-MetLuc Control,慢病毒载体
pLVX-Het-2,慢病毒载体
pCDH-EF1-MCS-T2A-Puro,慢病毒载体
pCDH-EF1-MCS-(PGK-Puro),慢病毒载体
pLVX-Hom-1,慢病毒载体
pLVX-mCherry-Actin,慢病毒载体
pLVX-rHom-Sec1,慢病毒载体
pLVX-Het-Nuc1,慢病毒载体
pLVX-DD-ZsGreen1 Reporter,慢病毒载体
pLVX-Tet3G,慢病毒载体
pCDH-CMV-MCS-EF1-RFP,慢病毒载体
pCDF1-MCS2-EF1-copGFP,慢病毒载体
pLVX-TRE3G-mCherry,慢病毒载体
pLenti6.3-MCS,慢病毒载体
pLVX-shRNA2,慢病毒载体
pcDNA6.2-DsRed2-MCS1 miR,慢病毒载体
pcDNA6.2-EmGFP-BsaI miR,慢病毒载体
pLEX-MCS,慢病毒载体
FUGW,慢病毒载体
pCgpv,慢病毒载体
pLVTHM,慢病毒载体
pLVX-EF1α-DsRed-Monomer-N1,慢病毒载体
Tet-pLKO-puro,慢病毒载体
pmiRZip anti-microRNA,慢病毒载体
L309,慢病毒载体
pGreenZeo lenti reporter,慢病毒载体
pL-CRISPR.EFS.GFP,慢病毒载体
pCDH-CMV-MCS-EF1a-RFP+BSD,慢病毒载体
pCDH-ECMV-MCS-3×FLAG-EF1α-ZsGreen1-T2A,慢病毒载体
pLenti-Bi-cistronic,慢病毒载体
pLVX-TetOne-Puro,慢病毒载体
pLKO.1,慢病毒载体
pLVX-IRES-ZsGreen1,慢病毒载体
pCDH-CMV-MCS-EF1-RFP-T2A-Puro,慢病毒载体
FUW-tetO-lox-hKLF4,慢病毒载体
FUW-tetO-hMYC,慢病毒载体
pLenti CMV/TO Puro empty (w175-1),慢病毒载体
pLKO.1-hygro,慢病毒载体
pLKO.1-blast,慢病毒载体
pLenti CMV/TO Hygro empty (w214-1),慢病毒载体
pCDH-EF1-Luc2-T2A-tdTomato,慢病毒载体
pLVX-TetOne-Puro-Luc,慢病毒载体
pLP2,慢病毒载体
pPACKH1-REV,慢病毒载体
pCDH-MSCV-MCS-EF1-Puro,慢病毒载体
pLVX-AcGFP1-N1,慢病毒载体
pLVX-DsRed-Express2-C1,慢病毒载体
pLVX-PAmCherry-C1,慢病毒载体
pLVX-IRES-tdTomato,慢病毒载体
pLVX-tdTomato-N1,慢病毒载体
pLVX-EF1α-DsRed-Monomer-C1,慢病毒载体
pLVX-MetLuc,慢病毒载体
pLVX-DD-AcGFP1-Actin,慢病毒载体
pCDF1-MCS2-EF1-copGFP,慢病毒载体
pLVX-DD-AmCyan1 Control,慢病毒载体
pLVX-DD-tdTomato Control,慢病毒载体
pLVX-CherryPicker1,慢病毒载体
pCDH-CMV-MCS-EF1-copGFP-T2A-Puro,慢病毒载体
pLVX-PTuner2-C,慢病毒载体
pLVX-DD-ZsGreen1 Control,慢病毒载体
pCDH-UbC-MCS-EF1-Hygro,慢病毒载体
pCDH-MCS-T2A-Puro-MSCV,慢病毒载体
pCDH-EF1-MCS-T2A-copGFP,慢病毒载体
pLenti6.3-EmGFP-BveI miR,慢病毒载体
pLenti6.3-DsRed2-BveI miR,慢病毒载体
psPAX2,慢病毒载体
pcDNA6.2-EmGFP-MCS1 miR,慢病毒载体
pcDNA6.2-BsaI miR,慢病毒载体
pTRIPZ,慢病毒载体
pLOX-Ttag-iresTK,慢病毒载体
pSicoR PGK Puro,慢病毒载体
pLVTH,慢病毒载体
pHAGE-CMV-MCS-IRES-ZsGreen,慢病毒载体
pLVX-EF1α-IRES-Puro,慢病毒载体
pRc/CMV,慢病毒载体
pMS2-GFP,慢病毒载体
pAAV-tdTomato-shRNA,慢病毒载体
pCDH-CMV-MCS-EF1-RFP+Neo,慢病毒载体
pLV-CMV-MCS-EF1-ZsGreen1-T2A-Puro,慢病毒载体
pLVX-EF1α-IRES-ZsGreen1,慢病毒载体
pLVX-IRES-tdTomato-Neo,慢病毒载体
TRC2-pLKO.5-Puro,慢病毒载体
pWPXL,慢病毒载体
FUW-M2rtTA,慢病毒载体
pLVX-Puro,慢病毒载体
FUW-tetO-hOCT4,慢病毒载体
pLL3.7,慢病毒载体
pCMV-dR8.91,慢病毒载体
pLJM1-EGFP,慢病毒载体
pFUGW,慢病毒载体
pLenti CMV/TO Neo empty (w215-1),慢病毒载体
pLVX-TRE3G-Luc Control,慢病毒载体
pCDH-CMV-MCS-EF1-Puro,慢病毒载体
pLP/VSVG,慢病毒载体
pMD2.G,慢病毒载体
pCDH-MSCV-MCS-EF1-copGFP,慢病毒载体
pLVX-AcGFP1-C1,慢病毒载体
pLVX-DsRed-Express2-N1,慢病毒载体
pLVX-PAmCherry-N1,慢病毒载体
pLVX-mCherry-C1,慢病毒载体
pLVX-Tight-Puro,慢病毒载体
pLVX-EF1α-mCherry-C1,慢病毒载体
pLVX-Hom-Mem1,慢病毒载体
pPRIME-TET-GFP-FF3,慢病毒载体
pLOX-CW-CRE,慢病毒载体
pLVX-DD-AmCyan1 Reporter,慢病毒载体
pLVX-PTuner-Green,慢病毒载体
pLVX-TetOne-Luc,慢病毒载体
pLVX-rHom-1,慢病毒载体
pLVX-PTuner,慢病毒载体
pLVX-Het-1,慢病毒载体
pCDH-CMV-MCS-EF1-Hygro,慢病毒载体
pCDH1-MCS2-EF1-copGFP,慢病毒载体
pLVX-TRE3G-ZsGreen1,慢病毒载体
pcDNA6.2-DsRed2-BsmBI miR,慢病毒载体
pLVX-TRE3G,慢病毒载体
VSV-G,慢病毒载体
pcDNA6.3-EmGFP-NC- II,慢病毒载体
pLenti6.3-BveI miR,慢病毒载体
pGIPZ,慢病毒载体
pLKO.3G,慢病毒载体
pSico,慢病毒载体
pGensil-1,慢病毒载体
pCDH-CMV-MCS-EF1a-GFP+BSD,慢病毒载体
pLV-EF1α-MCS-IRES-Bsd,慢病毒载体
pSUPERIOR.puro,慢病毒载体
pKNOCK-Km,慢病毒载体
pLVX-mCMV-tdTomato-puro,慢病毒载体
pLVX-IRES-Puro-3xHA-C,慢病毒载体
pLV-CMV-MCS-EF1-mCherry-T2A-Puro,慢病毒载体
pLVX-mCMV-ZsGreen1-Puro,慢病毒载体
pSIH1-H1-copGFP-T2A-Puro,慢病毒载体
pLVX-IRES-Hyg,慢病毒载体
pLKO.1-GFP-shRNA,慢病毒载体
pLVX-EF1α-AcGFP1-C1,慢病毒载体
pLVX-TetOne,慢病毒载体
FUW-tetO-hKLF4,慢病毒载体
pLKO.1-puro-GFP-siRNA,慢病毒载体
pLenti CMV V5-LUC Blast (w567-1),慢病毒载体
pLenti X1 Puro empty (w610-1),慢病毒载体
pRSV-rev,慢病毒载体
pLV-mCherry,慢病毒载体
pLKO.1-puro,慢病毒载体
pLVX-EF1α-mCherry-N1,慢病毒载体
Tet-pLKO-neo,慢病毒载体
pLKO.1-TRC control,慢病毒载体
FUW-tetO-hOKMS,慢病毒载体
pLVX-AmCyan1-C1,慢病毒载体
pLVX-DsRed-Monomer-C1,慢病毒载体
pLVX-ZsGreen1-C1,慢病毒载体
pLVX-mCherry-N1,慢病毒载体
pLVX-IRES-Puro,慢病毒载体
pLVX-EF1α-IRES-mCherry,慢病毒载体
pLVX-Het-Mem1,慢病毒载体
pPRIME-TREX-GFP-FF3,慢病毒载体
pLOX-TERT-iresTK,慢病毒载体
pLVX-DD-tdTomato Reporter,慢病毒载体
pLVX-CherryPicker2,慢病毒载体
pLVX-rHom-Nuc1,慢病毒载体
pLVX-Hom-Nuc1,慢病毒载体
pLVX-PTuner2,慢病毒载体
pLVX-CherryPicker Control,慢病毒载体
pCDH-CMV-MCS-EF1-Neo,慢病毒载体
pCDF1-MCS2-EF1-Puro,慢病毒载体
pLVX-shRNA1,慢病毒载体
pLenti6.3/V5-GW/EmGFP,慢病毒载体
pLenti6.3-MCS-IRES2-EGFP,慢病毒载体
pSico PGK Puro,慢病毒载体
pcDNA6.2-EmGFP-NC- I,慢病毒载体
pLenti6.3-MCS-IRES2-DsRed2,慢病毒载体
LeGO-iC2,慢病毒载体
pLVX-TRE3G-IRES,慢病毒载体
pSicoR,慢病毒载体
pBABE-neo,逆病毒载体
p10A1,逆病毒载体
pRetroQ-mCherry-N1,逆病毒载体
pMKO.1-GFP,逆病毒载体
pSuper.Retro.Neo,逆病毒载体
pBABE-neo-SV40LT,逆病毒载体
pBABE,逆病毒载体
pBABE-hygro,逆病毒载体
pVPack-10A1,逆病毒载体
pCL-Ampho,逆病毒载体
pCMV-VSVG,逆病毒载体
pFB-hrGFP,逆病毒载体
pCFB,逆病毒载体
pRetroX-TetOne,逆病毒载体
pRetroX-PTuner-IRES,逆病毒载体
pRetroX-Tet-On Advanced,逆病毒载体
pRetroX-G1-Red,逆病毒载体
pRetroX-IRES-DsRedExpress,逆病毒载体
pLNCX2,逆病毒载体
pRetroX-IRES-DsRed Express,逆病毒载体
pMSCVneo,逆病毒载体
pRetroX-Tight-Pur,逆病毒载体
pMXs-miR-GFP-Puro,逆病毒载体
pRetroQ-AcGFP1-N1,逆病毒载体
pCMV-Gag-Pol,逆病毒载体
pSuper.Retro.Neo+GFP,逆病毒载体
pVSV-G,逆病毒载体
pBABE-HAII,逆病毒载体
pBABE-zeo,逆病毒载体
pVPack-VSV-G,逆病毒载体
pCL-Eco,逆病毒载体
pMSCV-PIG,逆病毒载体
pFB-Luc,逆病毒载体
pRetro-Lib,逆病毒载体
pRetroX-PTuner,逆病毒载体
pRetroX-TRE3G,逆病毒载体
pRetroX-Tet-Off Advanced,逆病毒载体
pRetroQ-DsRed-Monomer-C1,逆病毒载体
RNAi-Ready pSIREN-RetroQ-DsRed-Express,逆病毒载体
pQCXIX,逆病毒载体
pRetroX-IRES-ZsGreen1,逆病毒载体
pMSCVpuro,逆病毒载体
pQCXIN,逆病毒载体
pRetroQ-AcGFP1-C1,逆病毒载体
pAmpho,逆病毒载体
pCLXSN,逆病毒载体
pSuper.Retro.Puro,逆病毒载体
pMSCV-FLIP-puro-dsRed-GFP-miRNA,逆病毒载体
pBABE-hygro-hTERT,逆病毒载体
pBABE-Puro,逆病毒载体
pVPack-Eco,逆病毒载体
pUMVC,逆病毒载体
pFB-ERV,逆病毒载体
pFB-Neo,逆病毒载体
pRetroX-Tight-Pur-Luc,逆病毒载体
pRetroX-PTuner2,逆病毒载体
pRetroX-TRE3G-Luc,逆病毒载体
pRetroX-Tight-Hyg,逆病毒载体
pRetroQ-DsRed-Monomer-N1,逆病毒载体
pLXIN,逆病毒载体
pSilencer5.1-U6 Retro,逆病毒载体
RNAi-Ready pSIREN-RetroQ,逆病毒载体
pQCXIH,逆病毒载体
pLPCX,逆病毒载体
pRetroQ-mCherry-C1,逆病毒载体
pBABE-GFP,逆病毒载体
pMKO.1-puro,逆病毒载体
pBABE-neo-hTERT,逆病毒载体
pBABE-puro-IRES-EGFP,逆病毒载体
pBABE-Puro SV40LT,逆病毒载体
pVPack-GP,逆病毒载体
pVPack-Ampho,逆病毒载体
pCMV-VSV-G,逆病毒载体
pCFB-EGSH,逆病毒载体
pFB,逆病毒载体
pRetroX-TetOne-luc,逆病毒载体
pRetroX-PTuner2-C,逆病毒载体
pRetroX-Tet3G,逆病毒载体
pRetroX-Tight-Hyg-Luc,逆病毒载体
pRetroX-SG2M-Cyan,逆病毒载体
pLXSN,逆病毒载体
RNAi-Ready pSIREN-RetroQ-ZsGreen1,逆病毒载体
pMSCVhyg,逆病毒载体
pSilencer5.1-H1 Retro,逆病毒载体
pDONR221/Zeo,gateway载体
pENTR1A,gateway载体
pDONR221-P4RP3R,gateway载体
pcDNA6.2/GW/EmGFP-miR negative,gateway载体
pENTR-L5-pLac-Spec-L2,gateway载体
pENTR/H1/TO,gateway载体
pENTR221,gateway载体
pENTR3C-Dual,gateway载体
pEBNA-DEST,gateway载体
pLKO-DEST-EGFP,gateway载体
pAd/BLOCK-iT-DEST,gateway载体
pcDNA6.2/N-YFP-DEST,gateway载体
pcDNA3.2/V5-DEST,gateway载体
pDEST12.2,gateway载体
pDEST20,gateway载体
pDEST24,gateway载体
pDONR221,gateway载体
pLenti6/BLOCK-iT -DEST,gateway载体
pLenti6.2/C-Lumio/V5-DEST,gateway载体
pLenti6/TR,gateway载体
pcDNA6.2/V5-PL-DEST,gateway载体
pENTR5'/CMVp,gateway载体
pEF-DEST51,gateway载体
pENTR-MCS1-IRES2-EGFP,gateway载体
pENTR-DsRed2-MCS1 miR,gateway载体
pcDNA6.2-GW/EmGFP-miR,gateway载体
pLKO-DEST-YFP,gateway载体
pDONR221-P1P4,gateway载体
pDONR207,gateway载体
pENTR-R4-pLac-Spec-R3,gateway载体
pENTR-GeneBLAzer,gateway载体
pENTR5-UbCp,gateway载体
pENTR3C,gateway载体
pLenti6-tdTomato-V5-DEST,gateway载体
pDONR222,gateway载体
pAd/BLOCK-iT-DEST,gateway载体
pcDNA6.2/N-EmGFP-DEST,gateway载体
pcDNA-DEST53,gateway载体
pDest40,gateway载体
pDEST10,gateway载体
pDEST14,gateway载体
pDONR201,gateway载体
pLenti4/TO/V5-DEST,gateway载体
pLenti6/UbC-V5-DEST,gateway载体
pLenti4/V5-DEST,gateway载体
pET-DEST42,gateway载体
pDEST22,gateway载体
pIB/V5-His-DEST,gateway载体
pENTR 2B Dual,gateway载体
pDEST15,gateway载体
pDONR221-P5P2,gateway载体
pDONR-P4P1R,gateway载体
pLenti7.3/V5-DEST,gateway载体
pENTR-L1-pLac-lacZa-R5,gateway载体
pENTR11-Dual,gateway载体
pENTR4,gateway载体
pENTR2B,gateway载体
pLKO-DEST-puro,gateway载体
pAd/PL-DEST,gateway载体
pcDNA3.1/nV5-DEST,gateway载体
pcDNA6.2/V5-DEST,gateway载体
pcDNA-DEST47,gateway载体
pDEST27,gateway载体
pDEST8,gateway载体
pDONR223,gateway载体
pLenti4/BLOCK-iT -DEST,gateway载体
pLenti6/capTEV/CT-DEST,gateway载体
pENTR U6,gateway载体
plenti-CMV-puro-DEST,gateway载体
pBAD-DEST49,gateway载体
pT-Rex-DEST31,gateway载体
pMT-DEST48,gateway载体
pENTR4-FLAG,gateway载体
pET-53-DEST,gateway载体
pDONR221-P5P4,gateway载体
pDONR-P2RP3,gateway载体
pENTR-L5-LacI-L4,gateway载体
pENTR-L1pLaclacZaL4,gateway载体
pENTR11-Dual,gateway载体
pENTR4-Dual,gateway载体
pENTR-GUS,gateway载体
pLKO-DEST-hygro,gateway载体
pAd/CMV/V5-DEST,gateway载体
pcDNA6/BioEase-DEST,gateway载体
pcDNA6.2/C-EmGFP-DEST,gateway载体
pcDNA-DEST40,gateway载体
pDEST26,gateway载体
pDEST17,gateway载体
pDONR Zeo,gateway载体
pLenti6.3/V5-DEST,gateway载体
pLenti6.4/R4R2/V5-DEST,gateway载体
pLenti6.2/V5-DEST,gateway载体
plenti6/V5-Dest,gateway载体
pENTR5'/EF1αp,gateway载体
pT-Rex-DEST30,gateway载体
pLenti4/V5-GW/LacZ,gateway载体
pENTR-MCS1-IRES2-DsRed2,gateway载体
