"aid","id","cn_full_name","cn_abbr_name","en_full_name","en_abbr_name","code","create_on","create_by","update_on","update_by","batch_id","remark"
"1","1483259040090812416","港元","港币","United States Dollar","HKD","344","18/1/2022 10:04:58","zhangjin","21/1/2022 18:41:39","zhangjin","1483259060206694400","第一次导入"
"2","1483259040090812417","澳门元","澳门元","Macau Pataca","MOP","446","18/1/2022 10:04:58","zhangjin","21/1/2022 18:41:39","zhangjin","1483259060206694400","第一次导入"
"3","1483259040090812418","台币","新台币","New Taiwan Dollar","TWD","901","18/1/2022 10:04:58","zhangjin","21/1/2022 18:41:39","zhangjin","1483259060206694400","第一次导入"
"4","1483259040090812419","欧元","欧元","Euro","EUR","978","18/1/2022 10:04:58","zhangjin","21/1/2022 18:41:39","zhangjin","1483259060206694400","第一次导入"
"5","1483259040090812420","美元","美元","United States Dollar","USD","840","18/1/2022 10:04:58","zhangjin","21/1/2022 18:41:39","zhangjin","1483259060206694400","第一次导入"
"6","1483259040090812421","英镑","英镑","British Pound","GBP","826","18/1/2022 10:04:58","zhangjin","21/1/2022 18:41:39","zhangjin","1483259060206694400","第一次导入"
"7","1483259040090812422","澳元","澳元","Australia Dollar","AUD","36","18/1/2022 10:04:58","zhangjin","21/1/2022 18:41:39","zhangjin","1483259060206694400","第一次导入"
"8","1483259040090812423","韩元","韩元","South Korean Won","KRW","410","18/1/2022 10:04:58","zhangjin","21/1/2022 18:41:39","zhangjin","1483259060206694400","第一次导入"
"9","1483259040090812424","日元","日元","Japanese Yen","JPY","392","18/1/2022 10:04:58","zhangjin","21/1/2022 18:41:39","zhangjin","1483259060206694400","第一次导入"
"10","1483259040090812425","离岸人民币","中国离岸人民币","Chinese Offshore Renminbi","CNH","0","18/1/2022 10:04:58","zhangjin","21/1/2022 18:41:39","zhangjin","1483259060206694400","第一次导入"
"11","1483259040090812426","加拿大元","加元","Canadian Dollar","CAD","124","18/1/2022 10:04:58","zhangjin","21/1/2022 18:41:39","zhangjin","1483259060206694400","第一次导入"
"12","1483259040090812427","俄罗斯卢布","俄罗斯卢布","Russian Ruble","RUB","643","18/1/2022 10:04:58","zhangjin","21/1/2022 18:41:39","zhangjin","1483259060206694400","第一次导入"
"13","1483259040090812428","泰国铢","泰铢","Thai Baht","THB","764","18/1/2022 10:04:58","zhangjin","21/1/2022 18:41:39","zhangjin","1483259060206694400","第一次导入"
"14","1483259040090812429","菲律宾比索","菲律宾比索","Philippine Peso","PHP","608","18/1/2022 10:04:58","zhangjin","21/1/2022 18:41:39","zhangjin","1483259060206694400","第一次导入"
"15","1483259040090812430","阿尔巴尼亚列克","阿尔巴尼列克","Albania Lek","ALL","8","18/1/2022 10:04:58","zhangjin","21/1/2022 18:41:39","zhangjin","1483259060206694400","第一次导入"
"16","1483259040090812431","阿根廷比索","阿根廷比索","Argentina Peso","ARS","32","18/1/2022 10:04:58","zhangjin","21/1/2022 18:41:39","zhangjin","1483259060206694400","第一次导入"
"17","1483259040090812432","阿鲁巴岛弗罗林","阿鲁巴弗罗林","Aruba Florin","AWG","533","18/1/2022 10:04:58","zhangjin","21/1/2022 18:41:39","zhangjin","1483259060206694400","第一次导入"
"18","1483259040090812433","阿联酋迪拉姆","阿联酋迪拉姆","United Arab Emirates Dirham","AED","784","18/1/2022 10:04:58","zhangjin","21/1/2022 18:41:39","zhangjin","1483259060206694400","第一次导入"
"19","1483259040090812434","列斯荷兰盾","荷兰盾","Dutch Guilder","ANG","532","18/1/2022 10:04:58","zhangjin","21/1/2022 18:41:39","zhangjin","1483259060206694400","第一次导入"
"20","1483259040090812435","阿塞拜疆新马纳特","阿塞拜疆马纳特","Azerbaijan Manat","AZN","944","18/1/2022 10:04:58","zhangjin","21/1/2022 18:41:39","zhangjin","1483259060206694400","第一次导入"
"21","1483259040090812436","安哥拉宽扎","安哥拉宽扎","Angola Kwanza","AOA","973","18/1/2022 10:04:58","zhangjin","21/1/2022 18:41:39","zhangjin","1483259060206694400","第一次导入"
"22","1483259040090812437","巴哈马元","巴哈马元","Bahamian Dollar","BSD","44","18/1/2022 10:04:58","zhangjin","21/1/2022 18:41:39","zhangjin","1483259060206694400","第一次导入"
"23","1483259040090812438","巴林第纳尔","巴林第纳尔","Bahrain Dinar","BHD","48","18/1/2022 10:04:58","zhangjin","21/1/2022 18:41:39","zhangjin","1483259060206694400","第一次导入"
"24","1483259040090812439","巴巴多斯元","巴巴多斯元","Barbados Dollar","BBD","52","18/1/2022 10:04:58","zhangjin","21/1/2022 18:41:39","zhangjin","1483259060206694400","第一次导入"
"25","1483259040090812440","白俄罗斯卢","白俄罗斯卢布","Belarusian Ruble","BYR","974","18/1/2022 10:04:58","zhangjin","21/1/2022 18:41:39","zhangjin","1483259060206694400","第一次导入"
"26","1483259040090812441","伯利兹元","伯利兹元","Belize Dollar","BZD","84","18/1/2022 10:04:58","zhangjin","21/1/2022 18:41:39","zhangjin","1483259060206694400","第一次导入"
"27","1483259040090812442","百慕大元","百慕大元","Bermudian Dollar","BMD","60","18/1/2022 10:04:58","zhangjin","21/1/2022 18:41:39","zhangjin","1483259060206694400","第一次导入"
"28","1483259040090812443","不丹卢比","不丹努扎姆","Bhutanese Ngultrum","BTN","64","18/1/2022 10:04:58","zhangjin","21/1/2022 18:41:39","zhangjin","1483259060206694400","第一次导入"
"29","1483259040090812444","玻利维亚诺","玻利维亚诺","Bolivian Boliviano","BOB","68","18/1/2022 10:04:58","zhangjin","21/1/2022 18:41:39","zhangjin","1483259060206694400","第一次导入"
"30","1483259040090812445","博茨瓦纳普拉","博茨瓦纳普拉","Botswana Pula","BWP","72","18/1/2022 10:04:58","zhangjin","21/1/2022 18:41:39","zhangjin","1483259060206694400","第一次导入"
"31","1483259040090812446","巴西里亚伊","巴西雷亚尔","Brazilian Real","BRL","986","18/1/2022 10:04:58","zhangjin","21/1/2022 18:41:39","zhangjin","1483259060206694400","第一次导入"
"32","1483259040090812447","保加利亚列瓦","保加利亚列弗","Bulgaria Lev","BGN","975","18/1/2022 10:04:58","zhangjin","21/1/2022 18:41:39","zhangjin","1483259060206694400","第一次导入"
"33","1483259040090812448","布隆迪法郎","布隆迪法郎","Burundi Franc","BIF","108","18/1/2022 10:04:58","zhangjin","21/1/2022 18:41:39","zhangjin","1483259060206694400","第一次导入"
"34","1483259040090812449","孟加拉塔卡","孟加拉国塔卡","Bangladesh Taka","BDT","50","18/1/2022 10:04:58","zhangjin","21/1/2022 18:41:39","zhangjin","1483259060206694400","第一次导入"
"35","1483259040090812450","文莱元","文莱元","Brunei Dollar","BND","96","18/1/2022 10:04:58","zhangjin","21/1/2022 18:41:39","zhangjin","1483259060206694400","第一次导入"
"36","1483259040090812451","佛得角埃斯库多","佛得角埃斯库多","Cape Verde Escudo","CVE","132","18/1/2022 10:04:58","zhangjin","21/1/2022 18:41:39","zhangjin","1483259060206694400","第一次导入"
"37","1483259040090812452","哥伦比亚比索","哥伦比亚比索","Colombia Peso","COP","170","18/1/2022 10:04:58","zhangjin","21/1/2022 18:41:39","zhangjin","1483259060206694400","第一次导入"
"38","1483259040090812453","哥斯达黎加科朗","哥斯达黎加科朗","Costa Rica Colon","CRC","188","18/1/2022 10:04:58","zhangjin","21/1/2022 18:41:39","zhangjin","1483259060206694400","第一次导入"
"39","1483259040090812454","古巴比索","古巴比索","Cuban Peso","CUP","192","18/1/2022 10:04:58","zhangjin","21/1/2022 18:41:39","zhangjin","1483259060206694400","第一次导入"
"40","1483259040090812455","捷克克朗","捷克克朗","Czech Republic Koruna","CZK","203","18/1/2022 10:04:58","zhangjin","21/1/2022 18:41:39","zhangjin","1483259060206694400","第一次导入"
"41","1483259040090812456","瑞士法郎","瑞士法郎","Swiss Franc","CHF","756","18/1/2022 10:04:58","zhangjin","21/1/2022 18:41:39","zhangjin","1483259060206694400","第一次导入"
"42","1483259040090812457","塞浦路斯镑","塞普路斯镑","Cyprus Pound","CYP","196","18/1/2022 10:04:58","zhangjin","21/1/2022 18:41:39","zhangjin","1483259060206694400","第一次导入"
"43","1483259040090812458","智利比索","智利比索","Chilean Peso","CLP","152","18/1/2022 10:04:58","zhangjin","21/1/2022 18:41:39","zhangjin","1483259060206694400","第一次导入"
"44","1483259040090812459","阿尔及利亚第纳尔","阿尔及利亚第纳尔","Algerian Dinar","DZD","12","18/1/2022 10:04:58","zhangjin","21/1/2022 18:41:39","zhangjin","1483259060206694400","第一次导入"
"45","1483259040090812460","丹麦克朗","丹麦克朗","Danish Krone","DKK","208","18/1/2022 10:04:58","zhangjin","21/1/2022 18:41:39","zhangjin","1483259060206694400","第一次导入"
"46","1483259040090812461","多米尼加比索","多米尼加比索","Dominican Peso","DOP","214","18/1/2022 10:04:58","zhangjin","21/1/2022 18:41:39","zhangjin","1483259060206694400","第一次导入"
"47","1483259040090812462","吉布提法郎","吉布提法郎","Djiboutian Franc","DJF","262","18/1/2022 10:04:58","zhangjin","21/1/2022 18:41:39","zhangjin","1483259060206694400","第一次导入"
"48","1483259040090812463","埃及镑","埃及镑","Egyptian Pound","EGP","818","18/1/2022 10:04:58","zhangjin","21/1/2022 18:41:39","zhangjin","1483259060206694400","第一次导入"
"49","1483259040090812464","埃塞俄比亚比尔","埃塞俄比亚比尔","Ethiopian Birr","ETB","230","18/1/2022 10:04:58","zhangjin","21/1/2022 18:41:39","zhangjin","1483259060206694400","第一次导入"
"50","1483259040090812465","厄瓜多尔苏克雷","厄瓜多尔苏克雷","Ecuadorian Sucre","ECS","218","18/1/2022 10:04:58","zhangjin","21/1/2022 18:41:39","zhangjin","1483259060206694400","第一次导入"
"51","1483259040090812466","厄立特里亚","厄立特里亚纳克法","Eritrean Nakfa","ERN","232","18/1/2022 10:04:58","zhangjin","21/1/2022 18:41:39","zhangjin","1483259060206694400","第一次导入"
"52","1483259040090812467","福克兰群岛镑","福克兰群岛镑","Falkland Islands Pound","FKP","238","18/1/2022 10:04:58","zhangjin","21/1/2022 18:41:39","zhangjin","1483259060206694400","第一次导入"
"53","1483259040090812468","斐济元","斐济元","Fiji Dollar","FJD","242","18/1/2022 10:04:58","zhangjin","21/1/2022 18:41:39","zhangjin","1483259060206694400","第一次导入"
"54","1483259040090812469","冈比亚达拉西","冈比亚达拉西","Gambian Dalasi","GMD","270","18/1/2022 10:04:58","zhangjin","21/1/2022 18:41:39","zhangjin","1483259060206694400","第一次导入"
"55","1483259040090812470","圭亚那元","圭亚那元","Guyanese Dollar","GYD","328","18/1/2022 10:04:58","zhangjin","21/1/2022 18:41:39","zhangjin","1483259060206694400","第一次导入"
"56","1483259040090812471","加纳塞地","加纳塞地","Ghanaian Cedi","GHS","936","18/1/2022 10:04:58","zhangjin","21/1/2022 18:41:39","zhangjin","1483259060206694400","第一次导入"
"57","1483259040090812472","几内亚法郎","几内亚法郎","Guinean Franc","GNF","324","18/1/2022 10:04:58","zhangjin","21/1/2022 18:41:39","zhangjin","1483259060206694400","第一次导入"
"58","1483259040090812473","危地马拉格查尔","危地马拉格查尔","Guatemalan Quetzal","GTQ","320","18/1/2022 10:04:58","zhangjin","21/1/2022 18:41:39","zhangjin","1483259060206694400","第一次导入"
"59","1483259040090812474","直布罗陀镑","直布罗陀镑","Gibraltar Pound","GIP","292","18/1/2022 10:04:58","zhangjin","21/1/2022 18:41:39","zhangjin","1483259060206694400","第一次导入"
"60","1483259040090812475","海地古德","海地古德","Haitian Gourde","HTG","332","18/1/2022 10:04:58","zhangjin","21/1/2022 18:41:39","zhangjin","1483259060206694400","第一次导入"
"61","1483259040090812476","洪都拉斯伦皮拉","洪都拉斯伦皮拉","Honduran Lempira","HNL","340","18/1/2022 10:04:58","zhangjin","21/1/2022 18:41:39","zhangjin","1483259060206694400","第一次导入"
"62","1483259040090812477","克罗地亚库纳","克罗地亚库纳","Croatian Kuna","HRK","191","18/1/2022 10:04:58","zhangjin","21/1/2022 18:41:39","zhangjin","1483259060206694400","第一次导入"
"63","1483259040090812478","匈牙利福林","匈牙利福林","Hungarian Forint","HUF","348","18/1/2022 10:04:58","zhangjin","21/1/2022 18:41:39","zhangjin","1483259060206694400","第一次导入"
"64","1483259040090812479","冰岛克朗","冰岛克郎","Icelandic Krona","ISK","352","18/1/2022 10:04:58","zhangjin","21/1/2022 18:41:39","zhangjin","1483259060206694400","第一次导入"
"65","1483259040090812480","印度卢比","印度卢比","Indian Rupee","INR","356","18/1/2022 10:04:58","zhangjin","21/1/2022 18:41:39","zhangjin","1483259060206694400","第一次导入"
"66","1483259040090812481","印度尼西亚卢比盾","印度尼西亚卢比","Indonesian Rupiah","IDR","360","18/1/2022 10:04:58","zhangjin","21/1/2022 18:41:39","zhangjin","1483259060206694400","第一次导入"
"67","1483259040090812482","伊朗里亚尔","伊朗里亚尔","Iranian Rial","IRR","364","18/1/2022 10:04:58","zhangjin","21/1/2022 18:41:39","zhangjin","1483259060206694400","第一次导入"
"68","1483259040090812483","伊拉克第纳尔","伊拉克第纳尔","Iraqi Dinar","IQD","368","18/1/2022 10:04:58","zhangjin","21/1/2022 18:41:39","zhangjin","1483259060206694400","第一次导入"
"69","1483259040090812484","以色列镑","以色列新谢克尔","Israeli New Shekel","ILS","376","18/1/2022 10:04:58","zhangjin","21/1/2022 18:41:39","zhangjin","1483259060206694400","第一次导入"
"70","1483259040090812485","牙买加元","牙买加元","Jamaican Dollar","JMD","388","18/1/2022 10:04:58","zhangjin","21/1/2022 18:41:39","zhangjin","1483259060206694400","第一次导入"
"71","1483259040090812486","约旦第纳尔","约旦第纳尔","Jordanian Dinar","JOD","400","18/1/2022 10:04:58","zhangjin","21/1/2022 18:41:39","zhangjin","1483259060206694400","第一次导入"
"72","1483259040090812487","朝鲜圆","朝鲜元","North Korean Won","KPW","408","18/1/2022 10:04:58","zhangjin","21/1/2022 18:41:39","zhangjin","1483259060206694400","第一次导入"
"73","1483259040090812488","哈萨克斯坦腾格","哈萨克斯坦坚戈","Kazakstani Tenge","KZT","398","18/1/2022 10:04:58","zhangjin","21/1/2022 18:41:39","zhangjin","1483259060206694400","第一次导入"
"74","1483259040090812489","柬埔寨利尔斯","柬埔寨瑞尔","Cambodian Riel","KHR","116","18/1/2022 10:04:58","zhangjin","21/1/2022 18:41:39","zhangjin","1483259060206694400","第一次导入"
"75","1483259040090812490","开曼岛元","开曼群岛元","Cayman Islands Dollar","KYD","136","18/1/2022 10:04:58","zhangjin","21/1/2022 18:41:39","zhangjin","1483259060206694400","第一次导入"
"76","1483259040090812491","科摩罗法郎","科摩罗法郎","Comorian franc","KMF","174","18/1/2022 10:04:58","zhangjin","21/1/2022 18:41:39","zhangjin","1483259060206694400","第一次导入"
"77","1483259040090812492","肯尼亚先令","肯尼亚先令","Kenyan Shilling","KES","404","18/1/2022 10:04:58","zhangjin","21/1/2022 18:41:39","zhangjin","1483259060206694400","第一次导入"
"78","1483259040090812493","科威特第纳尔","科威特第纳尔","Kuwaiti Dinar","KWD","414","18/1/2022 10:04:58","zhangjin","21/1/2022 18:41:39","zhangjin","1483259060206694400","第一次导入"
"79","1483259040090812494","老挝基普","老挝基普","Lao kip","LAK","418","18/1/2022 10:04:58","zhangjin","21/1/2022 18:41:39","zhangjin","1483259060206694400","第一次导入"
"80","1483259040090812495","拉脱维亚拉图","拉脱维亚拉特","Latvian Lats","LVL","428","18/1/2022 10:04:58","zhangjin","21/1/2022 18:41:39","zhangjin","1483259060206694400","第一次导入"
"81","1483259040090812496","黎巴嫩镑","黎巴嫩镑","Lebanese Pound","LBP","422","18/1/2022 10:04:58","zhangjin","21/1/2022 18:41:39","zhangjin","1483259060206694400","第一次导入"
"82","1483259040090812497","莱索托洛提","莱索托洛蒂","Lesotho Loti","LSL","426","18/1/2022 10:04:58","zhangjin","21/1/2022 18:41:39","zhangjin","1483259060206694400","第一次导入"
"83","1483259040090812498","利比里亚元","利比里亚元","Liberian dollar","LRD","430","18/1/2022 10:04:58","zhangjin","21/1/2022 18:41:39","zhangjin","1483259060206694400","第一次导入"
"84","1483259040090812499","利比亚第纳尔","利比亚第纳尔","Libyan Dinar","LYD","434","18/1/2022 10:04:58","zhangjin","21/1/2022 18:41:39","zhangjin","1483259060206694400","第一次导入"
"85","1483259040090812500","立陶宛里塔斯","立陶宛立特","Lithuanian Litas","LTL","440","18/1/2022 10:04:58","zhangjin","21/1/2022 18:41:39","zhangjin","1483259060206694400","第一次导入"
"86","1483259040090812501","斯里兰卡卢比","斯里兰卡卢比","Sri Lankan Rupee","LKR","144","18/1/2022 10:04:58","zhangjin","21/1/2022 18:41:39","zhangjin","1483259060206694400","第一次导入"
"87","1483259040090812502","马其顿第纳尔","马其顿代纳尔","Macedonian Denar","MKD","807","18/1/2022 10:04:58","zhangjin","21/1/2022 18:41:39","zhangjin","1483259060206694400","第一次导入"
"88","1483259040090812503","马拉维克瓦查","马拉维克瓦查","Malawian Kwacha","MWK","454","18/1/2022 10:04:58","zhangjin","21/1/2022 18:41:39","zhangjin","1483259060206694400","第一次导入"
"89","1483259040090812504","马来西亚林吉特","林吉特","Malaysian Ringgit","MYR","458","18/1/2022 10:04:58","zhangjin","21/1/2022 18:41:39","zhangjin","1483259060206694400","第一次导入"
"90","1483259040090812505","马尔代夫卢非亚","马尔代夫拉菲亚","Maldives Rufiyaa","MVR","462","18/1/2022 10:04:58","zhangjin","21/1/2022 18:41:39","zhangjin","1483259060206694400","第一次导入"
"91","1483259040090812506","毛里塔尼亚乌吉亚","毛里塔尼亚乌吉亚","Mauritania Ouguiya","MRO","478","18/1/2022 10:04:58","zhangjin","21/1/2022 18:41:39","zhangjin","1483259060206694400","第一次导入"
"92","1483259040090812507","毛里求斯卢比","毛里求斯卢比","Mauritian Rupee","MUR","480","18/1/2022 10:04:58","zhangjin","21/1/2022 18:41:39","zhangjin","1483259060206694400","第一次导入"
"93","1483259040090812508","墨西哥比索","墨西哥比索","Mexican Peso","MXN","484","18/1/2022 10:04:58","zhangjin","21/1/2022 18:41:39","zhangjin","1483259060206694400","第一次导入"
"94","1483259040090812509","摩尔多瓦列伊","摩尔多瓦列伊","Moldovan Leu","MDL","498","18/1/2022 10:04:58","zhangjin","21/1/2022 18:41:39","zhangjin","1483259060206694400","第一次导入"
"95","1483259040090812510","蒙古图格里克","蒙古图格里克","Mongolian Tugrik","MNT","496","18/1/2022 10:04:58","zhangjin","21/1/2022 18:41:39","zhangjin","1483259060206694400","第一次导入"
"96","1483259040090812511","摩洛哥道拉姆","摩洛哥迪拉姆","Moroccan Dirham","MAD","504","18/1/2022 10:04:58","zhangjin","21/1/2022 18:41:39","zhangjin","1483259060206694400","第一次导入"
"97","1483259040090812512","缅甸元","缅甸元","Myanmar Kyat","MMK","104","18/1/2022 10:04:58","zhangjin","21/1/2022 18:41:39","zhangjin","1483259060206694400","第一次导入"
"98","1483259040090812513","马达加斯加阿里亚里","马达加斯加阿里亚里","Malagasy Ariary","MGA","969","18/1/2022 10:04:58","zhangjin","21/1/2022 18:41:39","zhangjin","1483259060206694400","第一次导入"
"99","1483259040090812514","纳米比亚元","纳米比亚元","Namibian Dollar","NAD","516","18/1/2022 10:04:58","zhangjin","21/1/2022 18:41:39","zhangjin","1483259060206694400","第一次导入"
"100","1483259040090812515","尼泊尔卢比","尼泊尔卢比","Nepalese Rupee","NPR","524","18/1/2022 10:04:58","zhangjin","21/1/2022 18:41:39","zhangjin","1483259060206694400","第一次导入"
"101","1483259040090812516","尼加拉瓜科多巴","尼加拉瓜新科多巴","Nicaraguan Cordoba Oro","NIO","558","18/1/2022 10:04:58","zhangjin","21/1/2022 18:41:39","zhangjin","1483259060206694400","第一次导入"
"102","1483259040090812517","尼日利亚奈拉","尼日利亚奈拉","Nigerian Naira","NGN","566","18/1/2022 10:04:58","zhangjin","21/1/2022 18:41:39","zhangjin","1483259060206694400","第一次导入"
"103","1483259040090812518","挪威克朗","挪威克朗","Norwegian Krone","NOK","578","18/1/2022 10:04:58","zhangjin","21/1/2022 18:41:39","zhangjin","1483259060206694400","第一次导入"
"104","1483259040090812519","新西兰元","新西兰元","New Zealand Dollar","NZD","554","18/1/2022 10:04:58","zhangjin","21/1/2022 18:41:39","zhangjin","1483259060206694400","第一次导入"
"105","1483259040090812520","阿曼里亚尔","阿曼里亚尔","Omani Rial","OMR","512","18/1/2022 10:04:58","zhangjin","21/1/2022 18:41:39","zhangjin","1483259060206694400","第一次导入"
"106","1483259040090812521","巴基斯坦卢比","巴基斯坦卢比","Pakistan Rupee","PKR","586","18/1/2022 10:04:58","zhangjin","21/1/2022 18:41:39","zhangjin","1483259060206694400","第一次导入"
"107","1483259040090812522","巴拿马巴尔博亚","巴拿马巴波亚","Panamanian Balboa","PAB","590","18/1/2022 10:04:58","zhangjin","21/1/2022 18:41:39","zhangjin","1483259060206694400","第一次导入"
"108","1483259040090812523","巴布亚新几内亚基那","巴布亚新几内亚基那","Papua New Guinea Kina","PGK","598","18/1/2022 10:04:58","zhangjin","21/1/2022 18:41:39","zhangjin","1483259060206694400","第一次导入"
"109","1483259040090812524","巴拉圭瓜拉尼","巴拉圭瓜拉尼","Paraguayan Guarani","PYG","600","18/1/2022 10:04:58","zhangjin","21/1/2022 18:41:39","zhangjin","1483259060206694400","第一次导入"
"110","1483259040090812525","波兰兹罗提","波兰兹罗提","Polish Zloty","PLN","985","18/1/2022 10:04:58","zhangjin","21/1/2022 18:41:39","zhangjin","1483259060206694400","第一次导入"
"111","1483259040090812526","秘鲁索尔","秘鲁新索尔","Peruvian Nuevo Sol","PEN","604","18/1/2022 10:04:58","zhangjin","21/1/2022 18:41:39","zhangjin","1483259060206694400","第一次导入"
"112","1483259040090812527","卡塔尔利尔","卡塔尔里亚尔","Qatari Riyal","QAR","634","18/1/2022 10:04:58","zhangjin","21/1/2022 18:41:39","zhangjin","1483259060206694400","第一次导入"
"113","1483259040090812528","罗马尼亚新列伊","罗马尼亚列伊","Romanian Leu","RON","946","18/1/2022 10:04:58","zhangjin","21/1/2022 18:41:39","zhangjin","1483259060206694400","第一次导入"
"114","1483259040090812529","卢旺达法郎","卢旺达法郎","Rwandan Franc","RWF","646","18/1/2022 10:04:58","zhangjin","21/1/2022 18:41:39","zhangjin","1483259060206694400","第一次导入"
"115","1483259040090812530","瑞典克朗","瑞典克朗","Swedish Krona","SEK","752","18/1/2022 10:04:58","zhangjin","21/1/2022 18:41:39","zhangjin","1483259060206694400","第一次导入"
"116","1483259040090812531","萨尔瓦多科朗","萨尔瓦多科朗","Salvadoran Colon","SVC","222","18/1/2022 10:04:58","zhangjin","21/1/2022 18:41:39","zhangjin","1483259060206694400","第一次导入"
"117","1483259040090812532","圣多美多布拉","圣多美多布拉","Sao Tome Dobra","STD","678","18/1/2022 10:04:58","zhangjin","21/1/2022 18:41:39","zhangjin","1483259060206694400","第一次导入"
"118","1483259040090812533","沙特阿拉伯里亚尔","沙特里亚尔","Saudi Arabian Riyal","SAR","682","18/1/2022 10:04:58","zhangjin","21/1/2022 18:41:39","zhangjin","1483259060206694400","第一次导入"
"119","1483259040090812534","塞舌尔法郎","塞舌尔卢比","Seychelles Rupee","SCR","690","18/1/2022 10:04:58","zhangjin","21/1/2022 18:41:39","zhangjin","1483259060206694400","第一次导入"
"120","1483259040090812535","塞拉利昂利昂","塞拉利昂利昂","Sierra Leonean Leone","SLL","694","18/1/2022 10:04:58","zhangjin","21/1/2022 18:41:39","zhangjin","1483259060206694400","第一次导入"
"121","1483259040090812536","斯洛文尼亚托拉捷夫","斯洛文尼亚托拉尔","Slovenian Tolar","SIT","705","18/1/2022 10:04:58","zhangjin","21/1/2022 18:41:39","zhangjin","1483259060206694400","第一次导入"
"122","1483259040090812537","所罗门群岛元","所罗门群岛元","Solomon Islands Dollar","SBD","90","18/1/2022 10:04:58","zhangjin","21/1/2022 18:41:39","zhangjin","1483259060206694400","第一次导入"
"123","1483259040090812538","索马里先令","索马里先令","Somali Shilling","SOS","706","18/1/2022 10:04:58","zhangjin","21/1/2022 18:41:39","zhangjin","1483259060206694400","第一次导入"
"124","1483259040090812539","圣赫勒拿群岛磅","圣赫勒拿镑","Saint Helena Pound","SHP","654","18/1/2022 10:04:58","zhangjin","21/1/2022 18:41:39","zhangjin","1483259060206694400","第一次导入"
"125","1483259040090812540","苏丹第纳尔","苏丹镑","Sudanese Pound","SDG","938","18/1/2022 10:04:58","zhangjin","21/1/2022 18:41:39","zhangjin","1483259060206694400","第一次导入"
"126","1483259040090812541","斯威士兰里兰吉尼","斯威士兰里兰吉尼","Swazi Lilangeni","SZL","748","18/1/2022 10:04:58","zhangjin","21/1/2022 18:41:39","zhangjin","1483259060206694400","第一次导入"
"127","1483259040090812542","新加坡元","新加坡元","Singapore Dollar","SGD","702","18/1/2022 10:04:58","zhangjin","21/1/2022 18:41:39","zhangjin","1483259060206694400","第一次导入"
"128","1483259040090812543","叙利亚镑","叙利亚镑","Syrian Pound","SYP","760","18/1/2022 10:04:58","zhangjin","21/1/2022 18:41:39","zhangjin","1483259060206694400","第一次导入"
"129","1483259040090812544","土耳其新里拉","土耳其里拉","Turkish Lira","TRY","949","18/1/2022 10:04:58","zhangjin","21/1/2022 18:41:39","zhangjin","1483259060206694400","第一次导入"
"130","1483259040090812545","坦桑尼亚先令","坦桑尼亚先令","Tanzanian Shilling","TZS","834","18/1/2022 10:04:58","zhangjin","21/1/2022 18:41:39","zhangjin","1483259060206694400","第一次导入"
"131","1483259040090812546","汤加潘加","汤加潘加","Tongan Pa'Anga","TOP","776","18/1/2022 10:04:58","zhangjin","21/1/2022 18:41:39","zhangjin","1483259060206694400","第一次导入"
"132","1483259040090812547","特立尼达和多巴哥元","特立尼达多巴哥元","Trinidad and Tobago Dollar","TTD","780","18/1/2022 10:04:58","zhangjin","21/1/2022 18:41:39","zhangjin","1483259060206694400","第一次导入"
"133","1483259040090812548","突尼斯第纳尔","突尼斯第纳尔","Tunisian Dinar","TND","788","18/1/2022 10:04:58","zhangjin","21/1/2022 18:41:40","zhangjin","1483259060206694400","第一次导入"
"134","1483259040090812549","塔吉克斯坦索莫尼","塔吉克斯坦索莫尼","Tajikistan Somoni","TJS","972","18/1/2022 10:04:58","zhangjin","21/1/2022 18:41:40","zhangjin","1483259060206694400","第一次导入"
"135","1483259040090812550","乌克兰赫夫米","乌克兰格里夫纳","Ukrainian Hryvnia","UAH","980","18/1/2022 10:04:58","zhangjin","21/1/2022 18:41:40","zhangjin","1483259060206694400","第一次导入"
"136","1483259040090812551","乌拉圭新比索","乌拉圭比索","Uruguayan Peso","UYU","858","18/1/2022 10:04:58","zhangjin","21/1/2022 18:41:40","zhangjin","1483259060206694400","第一次导入"
"137","1483259040090812552","乌干达先令","乌干达先令","Ugandan Shilling","UGX","800","18/1/2022 10:04:58","zhangjin","21/1/2022 18:41:40","zhangjin","1483259060206694400","第一次导入"
"138","1483259040090812553","瓦努阿图瓦图","瓦努阿图瓦图","Vanuatu Vatu","VUV","548","18/1/2022 10:04:58","zhangjin","21/1/2022 18:41:40","zhangjin","1483259060206694400","第一次导入"
"139","1483259040090812554","委内瑞拉博利瓦","委内瑞拉玻利瓦尔","Venezuelan Bolivar Fuerte","VEF","937","18/1/2022 10:04:58","zhangjin","21/1/2022 18:41:40","zhangjin","1483259060206694400","第一次导入"
"140","1483259040090812555","越南盾","越南盾","Viet Nam Dong","VND","704","18/1/2022 10:04:58","zhangjin","21/1/2022 18:41:40","zhangjin","1483259060206694400","第一次导入"
"141","1483259040090812556","萨摩亚塔拉","萨摩亚塔拉","Samoa Tala","WST","882","18/1/2022 10:04:58","zhangjin","21/1/2022 18:41:40","zhangjin","1483259060206694400","第一次导入"
"142","1483259040090812557","多哥非洲共同体法郎","西非法郎","West African CFA","XOF","952","18/1/2022 10:04:58","zhangjin","21/1/2022 18:41:40","zhangjin","1483259060206694400","第一次导入"
"143","1483259040090812558","刚果中非共同体法郎","中非法郎","Central African CFA Franc","XAF","950","18/1/2022 10:04:58","zhangjin","21/1/2022 18:41:40","zhangjin","1483259060206694400","第一次导入"
"144","1483259040090812559","格林纳达东加勒比元","东加勒比元","East Caribbean Dollar","XCD","951","18/1/2022 10:04:58","zhangjin","21/1/2022 18:41:40","zhangjin","1483259060206694400","第一次导入"
"145","1483259040090812560","太平洋法郎","太平洋法郎","French Pacific Franc","XPF","953","18/1/2022 10:04:58","zhangjin","21/1/2022 18:41:40","zhangjin","1483259060206694400","第一次导入"
"146","1483259040090812561","也门里亚尔","也门里亚尔","Yemeni Rial","YER","886","18/1/2022 10:04:58","zhangjin","21/1/2022 18:41:40","zhangjin","1483259060206694400","第一次导入"
"147","1483259040090812563","南非兰特","南非兰特","South African Rand","ZAR","710","18/1/2022 10:04:58","zhangjin","21/1/2022 18:41:40","zhangjin","1483259060206694400","第一次导入"
"148","1483259040090812564","赞比亚克瓦查","赞比亚克瓦查","Zambian Kwacha","ZMW","967","18/1/2022 10:04:58","zhangjin","21/1/2022 18:41:40","zhangjin","1483259060206694400","第一次导入"
"149","1483259040090812565","中华人民共和国法定货币","人民币","Yuan Renminbi","CNY","156","18/1/2022 10:04:58","zhangjin","18/1/2022 10:04:58","zhangjin","1483259060206694400","第一次导入"
