"aid","id","en_name","cn_name","iso2","iso3","create_on","create_by","update_on","update_by","batch_id","remark"
"1","1481143958594387968","Abkhazian","阿布哈兹语","ab","abk","12/1/2022 14:00:18","zhangjin","12/1/2022 14:00:18","zhangjin","1481143976919302144","第一次导入"
"2","1481143958594387969","Afar","阿法尔语","aa","aar","12/1/2022 14:00:18","zhangjin","12/1/2022 14:00:18","zhangjin","1481143976919302144","第一次导入"
"3","1481143958594387970","Afrikaans","南非荷兰语","af","afr","12/1/2022 14:00:18","zhangjin","12/1/2022 14:00:18","zhangjin","1481143976919302144","第一次导入"
"4","1481143958594387971","Akan","阿坎语","ak","aka","12/1/2022 14:00:18","zhangjin","12/1/2022 14:00:18","zhangjin","1481143976919302144","第一次导入"
"5","1481143958594387972","Albanian","阿尔巴尼亚语","sq","alb","12/1/2022 14:00:18","zhangjin","12/1/2022 14:00:18","zhangjin","1481143976919302144","第一次导入"
"6","1481143958594387973","Amharic","阿姆哈拉语","am","amh","12/1/2022 14:00:18","zhangjin","12/1/2022 14:00:18","zhangjin","1481143976919302144","第一次导入"
"7","1481143958594387974","Arabic","阿拉伯语 ","ar","ara","12/1/2022 14:00:18","zhangjin","12/1/2022 14:00:18","zhangjin","1481143976919302144","第一次导入"
"8","1481143958594387975","Aragonese","阿拉贡语","an","arg","12/1/2022 14:00:18","zhangjin","12/1/2022 14:00:18","zhangjin","1481143976919302144","第一次导入"
"9","1481143958594387976","Armenian","亚美尼亚语","hy","arm","12/1/2022 14:00:18","zhangjin","12/1/2022 14:00:18","zhangjin","1481143976919302144","第一次导入"
"10","1481143958594387977","Assamese","阿萨姆语","as","asm","12/1/2022 14:00:18","zhangjin","12/1/2022 14:00:18","zhangjin","1481143976919302144","第一次导入"
"11","1481143958594387978","Avaric","阿瓦尔语","av","ava","12/1/2022 14:00:18","zhangjin","12/1/2022 14:00:18","zhangjin","1481143976919302144","第一次导入"
"12","1481143958594387979","Avestan","阿维斯陀语","ae","ave","12/1/2022 14:00:18","zhangjin","12/1/2022 14:00:18","zhangjin","1481143976919302144","第一次导入"
"13","1481143958594387980","Aymara","阿维斯陀语","ay","aym","12/1/2022 14:00:18","zhangjin","12/1/2022 14:00:18","zhangjin","1481143976919302144","第一次导入"
"14","1481143958594387981","Azerbaijani","阿塞拜疆语 ","az","aze","12/1/2022 14:00:18","zhangjin","12/1/2022 14:00:18","zhangjin","1481143976919302144","第一次导入"
"15","1481143958594387982","Bambara","班巴拉语","bm","bam","12/1/2022 14:00:18","zhangjin","12/1/2022 14:00:18","zhangjin","1481143976919302144","第一次导入"
"16","1481143958594387983","Bashkir","巴什基尔语","ba","bak","12/1/2022 14:00:18","zhangjin","12/1/2022 14:00:18","zhangjin","1481143976919302144","第一次导入"
"17","1481143958594387984","Basque","巴斯克语","eu","baq","12/1/2022 14:00:18","zhangjin","12/1/2022 14:00:18","zhangjin","1481143976919302144","第一次导入"
"18","1481143958594387985","Belarusian","白俄罗斯语","be","bel","12/1/2022 14:00:18","zhangjin","12/1/2022 14:00:18","zhangjin","1481143976919302144","第一次导入"
"19","1481143958594387986","Bengali","孟加拉语 ","bn","ben","12/1/2022 14:00:18","zhangjin","12/1/2022 14:00:18","zhangjin","1481143976919302144","第一次导入"
"20","1481143958594387987","Bihari languages","比哈尔语","bh","bih","12/1/2022 14:00:18","zhangjin","12/1/2022 14:00:18","zhangjin","1481143976919302144","第一次导入"
"21","1481143958594387988","Bislama","比斯拉马语","bi","bis","12/1/2022 14:00:18","zhangjin","12/1/2022 14:00:18","zhangjin","1481143976919302144","第一次导入"
"22","1481143958594387989","Bosnian","波斯尼亚语","bs","bos","12/1/2022 14:00:18","zhangjin","12/1/2022 14:00:18","zhangjin","1481143976919302144","第一次导入"
"23","1481143958594387990","Breton","布列塔尼语","br","bre","12/1/2022 14:00:18","zhangjin","12/1/2022 14:00:18","zhangjin","1481143976919302144","第一次导入"
"24","1481143958594387991","Bulgarian","保加利亚语","bg","bul","12/1/2022 14:00:18","zhangjin","12/1/2022 14:00:18","zhangjin","1481143976919302144","第一次导入"
"25","1481143958594387992","Burmese","缅甸语","my","bur","12/1/2022 14:00:18","zhangjin","12/1/2022 14:00:18","zhangjin","1481143976919302144","第一次导入"
"26","1481143958594387993","Catalan; Valencian","加泰罗尼亚语","ca","cat","12/1/2022 14:00:18","zhangjin","12/1/2022 14:00:18","zhangjin","1481143976919302144","第一次导入"
"27","1481143958594387994","Central Khmer","高棉语","km","khm","12/1/2022 14:00:18","zhangjin","12/1/2022 14:00:18","zhangjin","1481143976919302144","第一次导入"
"28","1481143958594387995","Chamorro","查莫罗语","ch","cha","12/1/2022 14:00:18","zhangjin","12/1/2022 14:00:18","zhangjin","1481143976919302144","第一次导入"
"29","1481143958594387997","Chichewa; Chewa; Nyanja","齐切瓦语","ny","nya","12/1/2022 14:00:18","zhangjin","12/1/2022 14:00:18","zhangjin","1481143976919302144","第一次导入"
"30","1481143958594387998","Chinese","中文 ","zh","chi","12/1/2022 14:00:18","zhangjin","12/1/2022 14:00:18","zhangjin","1481143976919302144","第一次导入"
"31","1481143958594387999","Church Slavic; Slavonic;","古教会斯拉夫语","cu","chu","12/1/2022 14:00:18","zhangjin","12/1/2022 14:00:18","zhangjin","1481143976919302144","第一次导入"
"32","1481143958594388001","Chuvash","楚瓦什语","cv","chv","12/1/2022 14:00:18","zhangjin","12/1/2022 14:00:18","zhangjin","1481143976919302144","第一次导入"
"33","1481143958594388002","Cornish","康沃尔语","kw","cor","12/1/2022 14:00:18","zhangjin","12/1/2022 14:00:18","zhangjin","1481143976919302144","第一次导入"
"34","1481143958594388003","Corsican","科西嘉语","co","cos","12/1/2022 14:00:18","zhangjin","12/1/2022 14:00:18","zhangjin","1481143976919302144","第一次导入"
"35","1481143958594388004","Cree","克里语","cr","cre","12/1/2022 14:00:18","zhangjin","12/1/2022 14:00:18","zhangjin","1481143976919302144","第一次导入"
"36","1481143958594388005","Croatian","克罗地亚语","hr","hrv","12/1/2022 14:00:18","zhangjin","12/1/2022 14:00:18","zhangjin","1481143976919302144","第一次导入"
"37","1481143958594388006","Czech","捷克语","cs","cze","12/1/2022 14:00:18","zhangjin","12/1/2022 14:00:18","zhangjin","1481143976919302144","第一次导入"
"38","1481143958594388007","Danish","丹麦语","da","dan","12/1/2022 14:00:18","zhangjin","12/1/2022 14:00:18","zhangjin","1481143976919302144","第一次导入"
"39","1481143958594388008","Divehi; Dhivehi; Maldivian","迪维希语","dv","div","12/1/2022 14:00:18","zhangjin","12/1/2022 14:00:18","zhangjin","1481143976919302144","第一次导入"
"40","1481143958594388009","Dutch; Flemish","荷兰语 ","nl","dut","12/1/2022 14:00:18","zhangjin","12/1/2022 14:00:18","zhangjin","1481143976919302144","第一次导入"
"41","1481143958594388010","Dzongkha","宗喀语","dz","dzo","12/1/2022 14:00:18","zhangjin","12/1/2022 14:00:18","zhangjin","1481143976919302144","第一次导入"
"42","1481143958594388011","English","英语 ","en","eng","12/1/2022 14:00:18","zhangjin","12/1/2022 14:00:18","zhangjin","1481143976919302144","第一次导入"
"43","1481143958594388012","Esperanto","世界語","eo","epo","12/1/2022 14:00:18","zhangjin","12/1/2022 14:00:18","zhangjin","1481143976919302144","第一次导入"
"44","1481143958594388013","Estonian","爱沙尼亚语","et","est","12/1/2022 14:00:18","zhangjin","12/1/2022 14:00:18","zhangjin","1481143976919302144","第一次导入"
"45","1481143958594388015","Faroese","法罗语","fo","fao","12/1/2022 14:00:18","zhangjin","12/1/2022 14:00:18","zhangjin","1481143976919302144","第一次导入"
"46","1481143958594388016","Fijian","斐济语","fj","fij","12/1/2022 14:00:18","zhangjin","12/1/2022 14:00:18","zhangjin","1481143976919302144","第一次导入"
"47","1481143958594388017","Finnish","芬兰语","fi","fin","12/1/2022 14:00:18","zhangjin","12/1/2022 14:00:18","zhangjin","1481143976919302144","第一次导入"
"48","1481143958594388018","French","法语 ","fr","fre","12/1/2022 14:00:18","zhangjin","12/1/2022 14:00:18","zhangjin","1481143976919302144","第一次导入"
"49","1481143958594388019","Fulah","富拉语 ","ff","ful","12/1/2022 14:00:18","zhangjin","12/1/2022 14:00:18","zhangjin","1481143976919302144","第一次导入"
"50","1481143958594388020","Gaelic; Scottish Gaelic","爱尔兰语","gd","gla","12/1/2022 14:00:18","zhangjin","12/1/2022 14:00:18","zhangjin","1481143976919302144","第一次导入"
"51","1481143958594388021","Galician","加利西亚语","gl","glg","12/1/2022 14:00:18","zhangjin","12/1/2022 14:00:18","zhangjin","1481143976919302144","第一次导入"
"52","1481143958594388023","Georgian","格鲁吉亚语","ka","geo","12/1/2022 14:00:18","zhangjin","12/1/2022 14:00:18","zhangjin","1481143976919302144","第一次导入"
"53","1481143958594388024","German","德语 ","de","ger","12/1/2022 14:00:18","zhangjin","12/1/2022 14:00:18","zhangjin","1481143976919302144","第一次导入"
"54","1481143958594388025","Greek, Modern (1453-)","希腊语","el","gre","12/1/2022 14:00:18","zhangjin","12/1/2022 14:00:18","zhangjin","1481143976919302144","第一次导入"
"55","1481143958594388026","Guarani","瓜拉尼语 ","gn","grn","12/1/2022 14:00:18","zhangjin","12/1/2022 14:00:18","zhangjin","1481143976919302144","第一次导入"
"56","1481143958594388027","Gujarati","古吉拉特语","gu","guj","12/1/2022 14:00:18","zhangjin","12/1/2022 14:00:18","zhangjin","1481143976919302144","第一次导入"
"57","1481143958594388028","Haitian; Haitian Creole","海地克里奥尔语","ht","hat","12/1/2022 14:00:18","zhangjin","12/1/2022 14:00:18","zhangjin","1481143976919302144","第一次导入"
"58","1481143958594388029","Hausa","豪萨语","ha","hau","12/1/2022 14:00:18","zhangjin","12/1/2022 14:00:18","zhangjin","1481143976919302144","第一次导入"
"59","1481143958594388030","Hebrew","希伯来语","he","heb","12/1/2022 14:00:18","zhangjin","12/1/2022 14:00:18","zhangjin","1481143976919302144","第一次导入"
"60","1481143958594388031","Herero","赫雷罗语","hz","her","12/1/2022 14:00:18","zhangjin","12/1/2022 14:00:18","zhangjin","1481143976919302144","第一次导入"
"61","1481143958598582272","Hindi","印地语","hi","hin","12/1/2022 14:00:18","zhangjin","12/1/2022 14:00:18","zhangjin","1481143976919302144","第一次导入"
"62","1481143958598582273","Hiri Motu","希里莫图语","ho","hmo","12/1/2022 14:00:18","zhangjin","12/1/2022 14:00:18","zhangjin","1481143976919302144","第一次导入"
"63","1481143958598582274","Hungarian","匈牙利语","hu","hun","12/1/2022 14:00:18","zhangjin","12/1/2022 14:00:18","zhangjin","1481143976919302144","第一次导入"
"64","1481143958598582275","Icelandic","冰岛语","is","ice","12/1/2022 14:00:18","zhangjin","12/1/2022 14:00:18","zhangjin","1481143976919302144","第一次导入"
"65","1481143958598582276","Ido","伊多语","io","ido","12/1/2022 14:00:18","zhangjin","12/1/2022 14:00:18","zhangjin","1481143976919302144","第一次导入"
"66","1481143958598582277","Igbo","伊博语","ig","ibo","12/1/2022 14:00:18","zhangjin","12/1/2022 14:00:18","zhangjin","1481143976919302144","第一次导入"
"67","1481143958598582278","Indonesian","印度尼西亚语","id","ind","12/1/2022 14:00:18","zhangjin","12/1/2022 14:00:18","zhangjin","1481143976919302144","第一次导入"
"68","1481143958598582279","Interlingua","因特语","ia","ina","12/1/2022 14:00:18","zhangjin","12/1/2022 14:00:18","zhangjin","1481143976919302144","第一次导入"
"69","1481143958598582280","Interlingue; Occidental","西方国际语","ie","ile","12/1/2022 14:00:18","zhangjin","12/1/2022 14:00:18","zhangjin","1481143976919302144","第一次导入"
"70","1481143958598582281","Inuktitut","伊努克提图特语","iu","iku","12/1/2022 14:00:18","zhangjin","12/1/2022 14:00:18","zhangjin","1481143976919302144","第一次导入"
"71","1481143958598582282","Inupiaq","因纽皮雅特语","ik","ipk","12/1/2022 14:00:18","zhangjin","12/1/2022 14:00:18","zhangjin","1481143976919302144","第一次导入"
"72","1481143958598582283","Irish","爱尔兰语","ga","gle","12/1/2022 14:00:18","zhangjin","12/1/2022 14:00:18","zhangjin","1481143976919302144","第一次导入"
"73","1481143958598582284","Italian","意大利语 ","it","ita","12/1/2022 14:00:18","zhangjin","12/1/2022 14:00:18","zhangjin","1481143976919302144","第一次导入"
"74","1481143958598582285","Japanese","日语","ja","jpn","12/1/2022 14:00:18","zhangjin","12/1/2022 14:00:18","zhangjin","1481143976919302144","第一次导入"
"75","1481143958598582286","Javanese","爪哇语","jv","jav","12/1/2022 14:00:18","zhangjin","12/1/2022 14:00:18","zhangjin","1481143976919302144","第一次导入"
"76","1481143958598582287","Kalaallisut; Greenlandic","格陵兰语","kl","kal","12/1/2022 14:00:18","zhangjin","12/1/2022 14:00:18","zhangjin","1481143976919302144","第一次导入"
"77","1481143958598582288","Kannada","卡纳达语","kn","kan","12/1/2022 14:00:18","zhangjin","12/1/2022 14:00:18","zhangjin","1481143976919302144","第一次导入"
"78","1481143958598582289","Kanuri","卡努里语","kr","kau","12/1/2022 14:00:18","zhangjin","12/1/2022 14:00:18","zhangjin","1481143976919302144","第一次导入"
"79","1481143958598582290","Kashmiri","克什米尔语","ks","kas","12/1/2022 14:00:18","zhangjin","12/1/2022 14:00:18","zhangjin","1481143976919302144","第一次导入"
"80","1481143958598582291","Kazakh","哈萨克语","kk","kaz","12/1/2022 14:00:18","zhangjin","12/1/2022 14:00:18","zhangjin","1481143976919302144","第一次导入"
"81","1481143958598582292","Kikuyu; Gikuyu","基库尤语","ki","kik","12/1/2022 14:00:18","zhangjin","12/1/2022 14:00:18","zhangjin","1481143976919302144","第一次导入"
"82","1481143958598582293","Kinyarwanda","卢旺达语","rw","kin","12/1/2022 14:00:18","zhangjin","12/1/2022 14:00:18","zhangjin","1481143976919302144","第一次导入"
"83","1481143958598582294","Kirghiz; Kyrgyz","吉尔吉斯语","ky","kir","12/1/2022 14:00:18","zhangjin","12/1/2022 14:00:18","zhangjin","1481143976919302144","第一次导入"
"84","1481143958598582295","Komi","科米语","kv","kom","12/1/2022 14:00:18","zhangjin","12/1/2022 14:00:18","zhangjin","1481143976919302144","第一次导入"
"85","1481143958598582296","Kongo","刚果语","kg","kon","12/1/2022 14:00:18","zhangjin","12/1/2022 14:00:18","zhangjin","1481143976919302144","第一次导入"
"86","1481143958598582297","Korean","韩语","ko","kor","12/1/2022 14:00:18","zhangjin","12/1/2022 14:00:18","zhangjin","1481143976919302144","第一次导入"
"87","1481143958598582299","Kurdish","库尔德语","ku","kur","12/1/2022 14:00:18","zhangjin","12/1/2022 14:00:18","zhangjin","1481143976919302144","第一次导入"
"88","1481143958598582300","Lao","老挝语","lo","lao","12/1/2022 14:00:18","zhangjin","12/1/2022 14:00:18","zhangjin","1481143976919302144","第一次导入"
"89","1481143958598582301","Latin","拉丁语","la","lat","12/1/2022 14:00:18","zhangjin","12/1/2022 14:00:18","zhangjin","1481143976919302144","第一次导入"
"90","1481143958598582302","Latvian","拉脱维亚语","lv","lav","12/1/2022 14:00:18","zhangjin","12/1/2022 14:00:18","zhangjin","1481143976919302144","第一次导入"
"91","1481143958598582303","Limburgan; Limburger; Limburgish","林堡语","li","lim","12/1/2022 14:00:18","zhangjin","12/1/2022 14:00:18","zhangjin","1481143976919302144","第一次导入"
"92","1481143958598582304","Lingala","林加拉语","ln","lin","12/1/2022 14:00:18","zhangjin","12/1/2022 14:00:18","zhangjin","1481143976919302144","第一次导入"
"93","1481143958598582305","Lithuanian","立陶宛语","lt","lit","12/1/2022 14:00:18","zhangjin","12/1/2022 14:00:18","zhangjin","1481143976919302144","第一次导入"
"94","1481143958598582306","Luba-Katanga","卢巴加丹加语","lu","lub","12/1/2022 14:00:18","zhangjin","12/1/2022 14:00:18","zhangjin","1481143976919302144","第一次导入"
"95","1481143958598582307","Luxembourgish; Letzeburgesch","卢森堡语","lb","ltz","12/1/2022 14:00:18","zhangjin","12/1/2022 14:00:18","zhangjin","1481143976919302144","第一次导入"
"96","1481143958598582308","Macedonian","马其顿语","mk","mac","12/1/2022 14:00:18","zhangjin","12/1/2022 14:00:18","zhangjin","1481143976919302144","第一次导入"
"97","1481143958598582309","Malagasy","马达加斯加语","mg","mlg","12/1/2022 14:00:18","zhangjin","12/1/2022 14:00:18","zhangjin","1481143976919302144","第一次导入"
"98","1481143958598582310","Malay","马来语 ","ms","may","12/1/2022 14:00:18","zhangjin","12/1/2022 14:00:18","zhangjin","1481143976919302144","第一次导入"
"99","1481143958598582311","Malayalam","马拉雅拉姆语","ml","mal","12/1/2022 14:00:18","zhangjin","12/1/2022 14:00:18","zhangjin","1481143976919302144","第一次导入"
"100","1481143958598582312","Maltese","马耳他语","mt","mlt","12/1/2022 14:00:18","zhangjin","12/1/2022 14:00:18","zhangjin","1481143976919302144","第一次导入"
"101","1481143958598582313","Manx","马恩语","gv","glv","12/1/2022 14:00:18","zhangjin","12/1/2022 14:00:18","zhangjin","1481143976919302144","第一次导入"
"102","1481143958598582314","Maori","毛利语","mi","mao","12/1/2022 14:00:18","zhangjin","12/1/2022 14:00:18","zhangjin","1481143976919302144","第一次导入"
"103","1481143958598582315","Marathi","马拉地语","mr","mar","12/1/2022 14:00:18","zhangjin","12/1/2022 14:00:18","zhangjin","1481143976919302144","第一次导入"
"104","1481143958598582316","Marshallese","马绍尔语","mh","mah","12/1/2022 14:00:18","zhangjin","12/1/2022 14:00:18","zhangjin","1481143976919302144","第一次导入"
"105","1481143958598582317","Mongolian","蒙古语","mn","mon","12/1/2022 14:00:18","zhangjin","12/1/2022 14:00:18","zhangjin","1481143976919302144","第一次导入"
"106","1481143958598582318","Nauru","瑙鲁语","na","nau","12/1/2022 14:00:18","zhangjin","12/1/2022 14:00:18","zhangjin","1481143976919302144","第一次导入"
"107","1481143958598582319","Navajo; Navaho","纳瓦霍语","nv","nav","12/1/2022 14:00:18","zhangjin","12/1/2022 14:00:18","zhangjin","1481143976919302144","第一次导入"
"108","1481143958598582320","Ndebele, North; North Ndebele","北恩德贝莱语","nd","nde","12/1/2022 14:00:18","zhangjin","12/1/2022 14:00:18","zhangjin","1481143976919302144","第一次导入"
"109","1481143958598582321","Ndebele, South; South Ndebele","南恩德贝莱语","nr","nbl","12/1/2022 14:00:18","zhangjin","12/1/2022 14:00:18","zhangjin","1481143976919302144","第一次导入"
"110","1481143958598582322","Ndonga","恩敦加语","ng","ndo","12/1/2022 14:00:18","zhangjin","12/1/2022 14:00:18","zhangjin","1481143976919302144","第一次导入"
"111","1481143958598582323","Nepali","尼泊尔语","ne","nep","12/1/2022 14:00:18","zhangjin","12/1/2022 14:00:18","zhangjin","1481143976919302144","第一次导入"
"112","1481143958598582324","Northern Sami","北萨米语","se","sme","12/1/2022 14:00:18","zhangjin","12/1/2022 14:00:18","zhangjin","1481143976919302144","第一次导入"
"113","1481143958598582325","Norwegian","挪威语 ","no","nor","12/1/2022 14:00:18","zhangjin","12/1/2022 14:00:18","zhangjin","1481143976919302144","第一次导入"
"114","1481143958598582326","Norwegian Bokmål","挪威语 ","nb","nob","12/1/2022 14:00:18","zhangjin","12/1/2022 14:00:18","zhangjin","1481143976919302144","第一次导入"
"115","1481143958598582327","Norwegian Nynorsk","挪威语 ","nn","nno","12/1/2022 14:00:18","zhangjin","12/1/2022 14:00:18","zhangjin","1481143976919302144","第一次导入"
"116","1481143958598582328","Occitan (post 1500)","加斯科涅语","oc","oci","12/1/2022 14:00:18","zhangjin","12/1/2022 14:00:18","zhangjin","1481143976919302144","第一次导入"
"117","1481143958598582329","Ojibwa","奥杰布瓦语","oj","oji","12/1/2022 14:00:18","zhangjin","12/1/2022 14:00:18","zhangjin","1481143976919302144","第一次导入"
"118","1481143958598582330","Oriya","奥里亚语","or","ori","12/1/2022 14:00:18","zhangjin","12/1/2022 14:00:18","zhangjin","1481143976919302144","第一次导入"
"119","1481143958598582331","Oromo","奥罗莫人","om","orm","12/1/2022 14:00:18","zhangjin","12/1/2022 14:00:18","zhangjin","1481143976919302144","第一次导入"
"120","1481143958598582332","Ossetian; Ossetic","奥塞梯语","os","oss","12/1/2022 14:00:18","zhangjin","12/1/2022 14:00:18","zhangjin","1481143976919302144","第一次导入"
"121","1481143958598582333","Pali","巴利语","pi","pli","12/1/2022 14:00:18","zhangjin","12/1/2022 14:00:18","zhangjin","1481143976919302144","第一次导入"
"122","1481143958598582334","Panjabi; Punjabi","旁遮普语","pa","pan","12/1/2022 14:00:18","zhangjin","12/1/2022 14:00:18","zhangjin","1481143976919302144","第一次导入"
"123","1481143958598582335","Persian","波斯语","fa","per","12/1/2022 14:00:18","zhangjin","12/1/2022 14:00:18","zhangjin","1481143976919302144","第一次导入"
"124","1481143958598582336","Polish","波兰语","pl","pol","12/1/2022 14:00:18","zhangjin","12/1/2022 14:00:18","zhangjin","1481143976919302144","第一次导入"
"125","1481143958598582337","Portuguese","葡萄牙语 ","pt","por","12/1/2022 14:00:18","zhangjin","12/1/2022 14:00:18","zhangjin","1481143976919302144","第一次导入"
"126","1481143958598582338","Pushto; Pashto","普什图语","ps","pus","12/1/2022 14:00:18","zhangjin","12/1/2022 14:00:18","zhangjin","1481143976919302144","第一次导入"
"127","1481143958598582339","Quechua","克丘亚语","qu","que","12/1/2022 14:00:18","zhangjin","12/1/2022 14:00:18","zhangjin","1481143976919302144","第一次导入"
"128","1481143958598582340","Romanian; Moldavian; Moldovan","罗马尼亚语 ","ro","rum","12/1/2022 14:00:18","zhangjin","12/1/2022 14:00:18","zhangjin","1481143976919302144","第一次导入"
"129","1481143958598582341","Romansh","雷托","rm","roh","12/1/2022 14:00:18","zhangjin","12/1/2022 14:00:18","zhangjin","1481143976919302144","第一次导入"
"130","1481143958598582342","Rundi","基隆迪语","rn","run","12/1/2022 14:00:18","zhangjin","12/1/2022 14:00:18","zhangjin","1481143976919302144","第一次导入"
"131","1481143958598582343","Russian","俄语","ru","rus","12/1/2022 14:00:18","zhangjin","12/1/2022 14:00:18","zhangjin","1481143976919302144","第一次导入"
"132","1481143958598582344","Samoan","萨摩亚语","sm","smo","12/1/2022 14:00:18","zhangjin","12/1/2022 14:00:18","zhangjin","1481143976919302144","第一次导入"
"133","1481143958598582345","Sango","桑戈语","sg","sag","12/1/2022 14:00:18","zhangjin","12/1/2022 14:00:18","zhangjin","1481143976919302144","第一次导入"
"134","1481143958598582346","Sanskrit","梵语","sa","san","12/1/2022 14:00:18","zhangjin","12/1/2022 14:00:18","zhangjin","1481143976919302144","第一次导入"
"135","1481143958598582347","Sardinian","撒丁语","sc","srd","12/1/2022 14:00:18","zhangjin","12/1/2022 14:00:18","zhangjin","1481143976919302144","第一次导入"
"136","1481143958598582348","Serbian","塞尔维亚语 ","sr","srp","12/1/2022 14:00:18","zhangjin","12/1/2022 14:00:18","zhangjin","1481143976919302144","第一次导入"
"137","1481143958598582349","Shona","绍纳语","sn","sna","12/1/2022 14:00:18","zhangjin","12/1/2022 14:00:18","zhangjin","1481143976919302144","第一次导入"
"138","1481143958598582351","Sindhi","信德语","sd","snd","12/1/2022 14:00:18","zhangjin","12/1/2022 14:00:18","zhangjin","1481143976919302144","第一次导入"
"139","1481143958598582352","Sinhala; Sinhalese","僧伽罗语","si","sin","12/1/2022 14:00:18","zhangjin","12/1/2022 14:00:18","zhangjin","1481143976919302144","第一次导入"
"140","1481143958598582353","Slovak","斯洛伐克语","sk","slo","12/1/2022 14:00:18","zhangjin","12/1/2022 14:00:18","zhangjin","1481143976919302144","第一次导入"
"141","1481143958598582354","Slovenian","斯洛文尼亚语","sl","slv","12/1/2022 14:00:18","zhangjin","12/1/2022 14:00:18","zhangjin","1481143976919302144","第一次导入"
"142","1481143958598582355","Somali","索马里语","so","som","12/1/2022 14:00:18","zhangjin","12/1/2022 14:00:18","zhangjin","1481143976919302144","第一次导入"
"143","1481143958598582356","Sotho, Southern","塞索托语","st","sot","12/1/2022 14:00:18","zhangjin","12/1/2022 14:00:18","zhangjin","1481143976919302144","第一次导入"
"144","1481143958598582357","Spanish; Castilian","西班牙语 ","es","spa","12/1/2022 14:00:18","zhangjin","12/1/2022 14:00:18","zhangjin","1481143976919302144","第一次导入"
"145","1481143958598582358","Sundanese","巽他语","su","sun","12/1/2022 14:00:18","zhangjin","12/1/2022 14:00:18","zhangjin","1481143976919302144","第一次导入"
"146","1481143958598582359","Swahili","斯瓦希里语","sw","swa","12/1/2022 14:00:18","zhangjin","12/1/2022 14:00:18","zhangjin","1481143976919302144","第一次导入"
"147","1481143958598582360","Swati","斯威士语","ss","ssw","12/1/2022 14:00:18","zhangjin","12/1/2022 14:00:18","zhangjin","1481143976919302144","第一次导入"
"148","1481143958598582361","Swedish","瑞典语 ","sv","swe","12/1/2022 14:00:18","zhangjin","12/1/2022 14:00:18","zhangjin","1481143976919302144","第一次导入"
"149","1481143958598582362","Tagalog","他加禄语","tl","tgl","12/1/2022 14:00:18","zhangjin","12/1/2022 14:00:18","zhangjin","1481143976919302144","第一次导入"
"150","1481143958598582363","Tahitian","大溪地语","ty","tah","12/1/2022 14:00:18","zhangjin","12/1/2022 14:00:18","zhangjin","1481143976919302144","第一次导入"
"151","1481143958598582364","Tajik","塔吉克语","tg","tgk","12/1/2022 14:00:18","zhangjin","12/1/2022 14:00:18","zhangjin","1481143976919302144","第一次导入"
"152","1481143958598582365","Tamil","泰米尔语","ta","tam","12/1/2022 14:00:18","zhangjin","12/1/2022 14:00:18","zhangjin","1481143976919302144","第一次导入"
"153","1481143958598582366","Tatar","鞑靼语","tt","tat","12/1/2022 14:00:18","zhangjin","12/1/2022 14:00:18","zhangjin","1481143976919302144","第一次导入"
"154","1481143958598582367","Telugu","泰卢固语","te","tel","12/1/2022 14:00:18","zhangjin","12/1/2022 14:00:18","zhangjin","1481143976919302144","第一次导入"
"155","1481143958598582368","Thai","泰语","th","tha","12/1/2022 14:00:18","zhangjin","12/1/2022 14:00:18","zhangjin","1481143976919302144","第一次导入"
"156","1481143958598582369","Tibetan","藏语","bo","tib","12/1/2022 14:00:18","zhangjin","12/1/2022 14:00:18","zhangjin","1481143976919302144","第一次导入"
"157","1481143958598582370","Tigrinya","提格雷尼亚语","ti","tir","12/1/2022 14:00:18","zhangjin","12/1/2022 14:00:18","zhangjin","1481143976919302144","第一次导入"
"158","1481143958598582371","Tonga (Tonga Islands)","汤加语","to","ton","12/1/2022 14:00:18","zhangjin","12/1/2022 14:00:18","zhangjin","1481143976919302144","第一次导入"
"159","1481143958598582372","Tsonga","聪加语","ts","tso","12/1/2022 14:00:18","zhangjin","12/1/2022 14:00:18","zhangjin","1481143976919302144","第一次导入"
"160","1481143958598582373","Tswana","茨瓦纳语","tn","tsn","12/1/2022 14:00:18","zhangjin","12/1/2022 14:00:18","zhangjin","1481143976919302144","第一次导入"
"161","1481143958598582374","Turkish","土耳其语","tr","tur","12/1/2022 14:00:18","zhangjin","12/1/2022 14:00:18","zhangjin","1481143976919302144","第一次导入"
"162","1481143958598582375","Turkmen","土库曼语","tk","tuk","12/1/2022 14:00:18","zhangjin","12/1/2022 14:00:18","zhangjin","1481143976919302144","第一次导入"
"163","1481143958598582376","Twi","契维语","tw","twi","12/1/2022 14:00:18","zhangjin","12/1/2022 14:00:18","zhangjin","1481143976919302144","第一次导入"
"164","1481143958598582377","Uighur; Uyghur","维吾尔语","ug","uig","12/1/2022 14:00:18","zhangjin","12/1/2022 14:00:18","zhangjin","1481143976919302144","第一次导入"
"165","1481143958598582378","Ukrainian","乌克兰语","uk","ukr","12/1/2022 14:00:18","zhangjin","12/1/2022 14:00:18","zhangjin","1481143976919302144","第一次导入"
"166","1481143958598582379","Urdu","乌尔都语","ur","urd","12/1/2022 14:00:18","zhangjin","12/1/2022 14:00:18","zhangjin","1481143976919302144","第一次导入"
"167","1481143958598582380","Uzbek","乌兹别克语 ","uz","uzb","12/1/2022 14:00:18","zhangjin","12/1/2022 14:00:18","zhangjin","1481143976919302144","第一次导入"
"168","1481143958598582381","Venda","文达语","ve","ven","12/1/2022 14:00:18","zhangjin","12/1/2022 14:00:18","zhangjin","1481143976919302144","第一次导入"
"169","1481143958598582382","Vietnamese","越南语","vi","vie","12/1/2022 14:00:18","zhangjin","12/1/2022 14:00:18","zhangjin","1481143976919302144","第一次导入"
"170","1481143958598582383","Volapük","沃拉普克语","vo","vol","12/1/2022 14:00:18","zhangjin","12/1/2022 14:00:18","zhangjin","1481143976919302144","第一次导入"
"171","1481143958598582384","Walloon","瓦隆语","wa","wln","12/1/2022 14:00:18","zhangjin","12/1/2022 14:00:18","zhangjin","1481143976919302144","第一次导入"
"172","1481143958598582385","Welsh","威尔士语","cy","wel","12/1/2022 14:00:18","zhangjin","12/1/2022 14:00:18","zhangjin","1481143976919302144","第一次导入"
"173","1481143958598582386","Western Frisian","西弗里西语","fy","fry","12/1/2022 14:00:18","zhangjin","12/1/2022 14:00:18","zhangjin","1481143976919302144","第一次导入"
"174","1481143958598582387","Wolof","沃洛夫语","wo","wol","12/1/2022 14:00:18","zhangjin","12/1/2022 14:00:18","zhangjin","1481143976919302144","第一次导入"
"175","1481143958598582388","Xhosa","科萨语","xh","xho","12/1/2022 14:00:18","zhangjin","12/1/2022 14:00:18","zhangjin","1481143976919302144","第一次导入"
"176","1481143958598582389","Yiddish","意第绪语","yi","yid","12/1/2022 14:00:18","zhangjin","12/1/2022 14:00:18","zhangjin","1481143976919302144","第一次导入"
"177","1481143958598582390","Yoruba","约鲁巴语","yo","yor","12/1/2022 14:00:18","zhangjin","12/1/2022 14:00:18","zhangjin","1481143976919302144","第一次导入"
"178","1481143958598582391","Zhuang; Chuang","藏语","za","zha","12/1/2022 14:00:18","zhangjin","12/1/2022 14:00:18","zhangjin","1481143976919302144","第一次导入"
"179","1481143958598582392","Zulu","祖鲁语","zu","zul","12/1/2022 14:00:18","zhangjin","12/1/2022 14:00:18","zhangjin","1481143976919302144","第一次导入"
